source_h3,target_h3,source_lon,source_lat,target_lon,target_lat,edge_distance_km,edge_bearing_deg,source_u10,source_v10,source_speed,source_chlor_a,target_chlor_a,windsupport_raw,parallel_wind_cost_raw,crosswind_cost_raw,distance_cost_raw,food_cost_raw,w_cost,c_cost,d_cost,f_cost,legacy_constant_distance_reference
830000fffffffff,830001fffffffff,38.02340700796989,79.24239850975904,34.26932302338498,80.11677141025228,122.61234295384858,324.269625587488,-0.4579234,-1.7766691,2.7535539,1.8725796,0.0,-1.174839605287369,8.742251999571632,1.4092547083513993,0.737910956242402,0.0,57.767202618827575,17.278652764446502,7.926922438058426,0.0,49.99880936746571
830000fffffffff,830002fffffffff,38.02340700796989,79.24239850975904,43.75098847490955,79.24756210656105,118.80166260100398,86.90986405342761,-0.4579234,-1.7766691,2.7535539,1.8725796,1.9681301,-0.5530322941299995,8.120444688414263,1.7494005295562476,0.0,0.0,53.65841360939886,21.44912776733049,0.0,0.0,49.99880936746571
830000fffffffff,830003fffffffff,38.02340700796989,79.24239850975904,40.49488067269076,80.19095721433925,116.30280970113368,23.73196793687429,-0.4579234,-1.7766691,2.7535539,1.8725796,1.4305017,-1.8107259499789101,9.378138344263172,0.29583519945290915,0.0,0.0,61.96902330738034,3.6271893622604092,0.0,0.0,49.99880936746571
830000fffffffff,830004fffffffff,38.02340700796989,79.24239850975904,35.9758018082166,78.28997925905192,114.80187808807652,203.7319679368733,-0.4579234,-1.7766691,2.7535539,1.8725796,1.7774838,1.8107259499789152,5.756686444305348,0.29583519945287784,0.0,0.0,38.039131365412466,3.627189362260025,0.0,0.0,49.99880936746571
830000fffffffff,830005fffffffff,38.02340700796989,79.24239850975904,32.41364991071507,79.1345859133172,117.57354581791456,266.9098640534259,-0.4579234,-1.7766691,2.7535539,1.8725796,1.024748,0.5530322941300522,7.014380100154211,1.749400529556231,0.0,0.0,46.34974106339364,21.449127767330285,0.0,0.0,49.99880936746571
830000fffffffff,830006fffffffff,38.02340700796989,79.24239850975904,41.20060633382336,78.33211415004435,122.29423767240137,144.26962558748983,-0.4579234,-1.7766691,2.7535539,1.8725796,1.8250461,1.1748396052874146,6.392572788996849,1.4092547083513618,0.41980567479518527,0.0,42.24095205396496,17.27865276444604,4.509713529805687,0.0,49.99880936746571
830001fffffffff,830000fffffffff,34.26932302338498,80.11677141025228,38.02340700796989,79.24239850975904,122.61234295384858,140.57612808059667,-0.2704201,-1.7256691,2.7201042,0.0,1.8725796,1.1612950334308305,6.4061173608534325,1.3047814830490605,0.737910956242402,2.7103483913337083,42.33045210805434,15.99772280020133,7.926922438058426,100.0,49.99880936746571
830001fffffffff,830003fffffffff,34.26932302338498,80.11677141025228,40.49488067269076,80.19095721433925,118.60685790574048,82.95068226340891,-0.2704201,-1.7256691,2.7201042,0.0,1.4305017,-0.4801563549275367,8.0475687492118,1.6794376284939911,0.0,2.7103483913337083,53.176862729127706,20.59132352038763,0.0,100.0,49.99880936746571
830001fffffffff,830005fffffffff,34.26932302338498,80.11677141025228,32.41364991071507,79.1345859133172,115.34841083348428,199.70416074653463,-0.2704201,-1.7256691,2.7201042,0.0,1.024748,1.7158002015047449,5.851612192779518,0.32724691243019616,0.0,2.7103483913337083,38.666383353357894,4.012323488869737,0.0,100.0,49.99880936746571
830001fffffffff,83000cfffffffff,34.26932302338498,80.11677141025228,29.808287305095263,80.94319884056402,122.84057596231628,320.5761280805988,-0.2704201,-1.7256691,2.7201042,0.0,0.5065826,-1.1612950334308787,8.728707427715142,1.3047814830490179,0.9661439647100991,2.7103483913337083,57.67770256473882,15.997722800200808,10.378688929155022,100.0,49.99880936746571
830001fffffffff,83000efffffffff,34.26932302338498,80.11677141025228,36.5589999989751,81.0988307976139,116.81641371915804,19.704160746531045,-0.2704201,-1.7256691,2.7201042,0.0,0.0,-1.7158002015047653,9.283212595789028,0.3272469124300888,0.0,2.7103483913337083,61.34177131943507,4.012323488868421,0.0,100.0,49.99880936746571
830001fffffffff,83002afffffffff,34.26932302338498,80.11677141025228,28.26751429885717,79.93319689402763,117.33437994257793,262.95068226341283,-0.2704201,-1.7256691,2.7201042,0.0,0.5507484,0.48015635492742126,7.087256039356841,1.6794376284940242,0.0,2.7103483913337083,46.8312919436659,20.591323520388034,0.0,100.0,49.99880936746571
830002fffffffff,830000fffffffff,43.75098847490955,79.24756210656105,38.02340700796989,79.24239850975904,118.80166260100398,272.53699823583,-0.77412635,-1.3794861,2.5942912,1.9681301,1.8725796,0.7123053184230841,6.855107075861179,1.4124003112445571,0.0,0.0,45.297294043278,17.317220512209637,0.0,0.0,49.99880936746571
830002fffffffff,830003fffffffff,43.75098847490955,79.24756210656105,40.49488067269076,80.19095721433925,123.1661273211095,329.96213456418855,-0.77412635,-1.3794861,2.5942912,1.9681301,1.4305017,-0.8067077602052714,8.374120154489534,1.3606895661693474,1.291695323503319,0.0,55.33465470253067,16.683203110635297,13.875886455397817,0.0,49.99880936746571
830002fffffffff,830006fffffffff,43.75098847490955,79.24756210656105,41.20060633382336,78.33211415004435,115.74090418181648,209.69553334945712,-0.77412635,-1.3794861,2.5942912,1.9681301,1.8250461,1.5818135672141256,5.985598827070137,0.010924487853247178,0.0,0.0,39.55174253216676,0.13394344622519716,0.0,0.0,49.99880936746571
830002fffffffff,830011fffffffff,43.75098847490955,79.24756210656105,49.48433311828839,79.14678868406263,119.96525218481467,92.53699823582906,-0.77412635,-1.3794861,2.5942912,1.9681301,1.0324636,-0.7123053184231073,8.27971771270737,1.4124003112445451,0.0,0.0,54.71086062951498,17.31722051220949,0.0,0.0,49.99880936746571
830002fffffffff,830015fffffffff,43.75098847490955,79.24756210656105,46.4729694675059,78.27865044836899,122.79731395377088,149.9621345641886,-0.77412635,-1.3794861,2.5942912,1.9681301,0.6857187,0.8067077602052727,6.760704634078991,1.3606895661693468,0.9228819561647015,0.0,44.67349997026216,16.68320311063529,9.913951844886368,0.0,49.99880936746571
830002fffffffff,83001cfffffffff,43.75098847490955,79.24756210656105,46.80505562258983,80.14965164562977,117.22557290655814,29.695533349456525,-0.77412635,-1.3794861,2.5942912,1.9681301,0.0,-1.5818135672141256,9.149225961498388,0.010924487853230858,0.0,0.0,60.456412140626064,0.13394344622499707,0.0,0.0,49.99880936746571
830003fffffffff,830000fffffffff,40.49488067269076,80.19095721433925,38.02340700796989,79.24239850975904,116.30280970113368,206.16383773205027,-0.6611602,-1.673046,2.748059,1.4305017,1.8725796,1.7931520541676802,5.774260340116583,0.1442963575918309,0.0,0.0,38.15525645539838,1.7691951946148519,0.0,0.0,49.99880936746571
830003fffffffff,830001fffffffff,40.49488067269076,80.19095721433925,34.26932302338498,80.11677141025228,118.60685790574048,269.0847183624702,-0.6611602,-1.673046,2.748059,1.4305017,0.0,0.6878010756344208,6.879611318649842,1.662271159749869,0.0,0.0,45.4592135988185,20.380848117422044,0.0,0.0,49.99880936746571
830003fffffffff,830002fffffffff,40.49488067269076,80.19095721433925,43.75098847490955,79.24756210656105,123.1661273211095,146.75816731233022,-0.6611602,-1.673046,2.748059,1.4305017,1.9681301,1.0368451134745487,6.530567280809715,1.4700911328363253,1.291695323503319,0.0,43.152794422410366,18.024558701731046,13.875886455397817,0.0,49.99880936746571
830003fffffffff,83000efffffffff,40.49488067269076,80.19095721433925,36.5589999989751,81.0988307976139,123.44419431048333,326.75816731233164,-0.6611602,-1.673046,2.748059,1.4305017,0.0,-1.0368451134745844,8.604257507758847,1.4700911328363,1.5697623128771454,0.0,56.8553602503827,18.024558701730736,16.862988677832714,0.0,49.99880936746571
830003fffffffff,83001cfffffffff,40.49488067269076,80.19095721433925,46.80505562258983,80.14965164562977,119.81663912136524,89.08471836247071,-0.6611602,-1.673046,2.748059,1.4305017,0.0,-0.6878010756344055,8.255213469918669,1.6622711597498752,0.0,0.0,54.548941073974234,20.38084811742212,0.0,0.0,49.99880936746571
830003fffffffff,83001dfffffffff,40.49488067269076,80.19095721433925,43.52421550131987,81.1292607318741,117.75436504121438,26.16383773205115,-0.6611602,-1.673046,2.748059,1.4305017,1.8391465,-1.7931520541676778,9.36056444845194,0.14429635759185877,0.0,0.0,61.85289821739445,1.7691951946151936,0.0,0.0,49.99880936746571
830004fffffffff,830000fffffffff,35.9758018082166,78.28997925905192,38.02340700796989,79.24239850975904,114.80187808807652,21.723516638634067,-0.49881202,-1.8544704,2.7823787,1.7774838,1.8725796,-1.907391608420225,9.474804002704488,0.2230048158689571,0.0,0.0,62.607772302231496,2.7342273581662804,0.0,0.0,49.99880936746571
830004fffffffff,830005fffffffff,35.9758018082166,78.28997925905192,32.41364991071507,79.1345859133172,121.74126871608205,322.1969639804177,-0.49881202,-1.8544704,2.7823787,1.7774838,1.024748,-1.1595125621645348,8.726924956448798,1.530818249811282,0.0,0.0,57.66592432055069,18.769124436639032,0.0,0.0,49.99880936746571
830004fffffffff,830006fffffffff,35.9758018082166,78.28997925905192,41.20060633382336,78.33211415004435,117.75811281535144,85.16383475247017,-0.49881202,-1.8544704,2.7823787,1.7774838,1.8250461,-0.6533806648825825,8.220793059166846,1.8058149413852558,0.0,0.0,54.321497293787935,22.14081609530084,0.0,0.0,49.99880936746571
830004fffffffff,830022fffffffff,35.9758018082166,78.28997925905192,34.25574794254951,77.33823940738004,113.25673163351222,201.72351663863628,-0.49881202,-1.8544704,2.7823787,1.7774838,1.2792943,1.9073916084202165,5.660020785864047,0.22300481586903032,0.0,0.0,37.4003823705614,2.7342273581671783,0.0,0.0,49.99880936746571
830004fffffffff,830023fffffffff,35.9758018082166,78.28997925905192,30.88226077950457,78.15617299998873,116.51407078945904,265.16383475246977,-0.49881202,-1.8544704,2.7823787,1.7774838,1.7964491,0.6533806648825956,6.9140317294016675,1.8058149413852511,0.0,0.0,45.68665737900482,22.140816095300778,0.0,0.0,49.99880936746571
830004fffffffff,830031fffffffff,35.9758018082166,78.28997925905192,39.04680379264652,77.40990455122223,121.38512041715242,142.19696398041805,-0.49881202,-1.8544704,2.7823787,1.7774838,1.3787714,1.1595125621645437,6.407899832119719,1.530818249811275,0.0,0.0,42.34223035224209,18.76912443663895,0.0,0.0,49.99880936746571
830005fffffffff,830000fffffffff,32.41364991071507,79.1345859133172,38.02340700796989,79.24239850975904,117.57354581791456,81.39952516496407,-0.2841116,-2.0728683,2.8945792,1.024748,1.8725796,-0.5909008640832722,8.158313258367535,2.007072136029269,0.0,0.0,53.908642195063415,24.60839925254896,0.0,0.0,49.99880936746571
830005fffffffff,830001fffffffff,32.41364991071507,79.1345859133172,34.26932302338498,80.11677141025228,115.34841083348428,17.87875145040448,-0.2841116,-2.0728683,2.8945792,1.024748,0.0,-2.0599893252087633,9.627401719493026,0.3659868446070088,0.0,0.0,63.61611011099357,4.487307771153537,0.0,0.0,49.99880936746571
830005fffffffff,830004fffffffff,32.41364991071507,79.1345859133172,35.9758018082166,78.28997925905192,121.74126871608205,138.70357813234915,-0.2841116,-2.0728683,2.8945792,1.024748,1.7774838,1.3698562421445564,6.197556152139707,1.5814538457561904,0.0,0.0,40.95231777804603,19.389959601970073,0.0,0.0,49.99880936746571
830005fffffffff,830023fffffffff,32.41364991071507,79.1345859133172,30.88226077950457,78.15617299998873,113.8337379591046,197.8787514504026,-0.2841116,-2.0728683,2.8945792,1.024748,1.7964491,2.0599893252087753,5.507423069075488,0.36598684460694103,0.0,0.0,36.392044561799196,4.487307771152706,0.0,0.0,49.99880936746571
830005fffffffff,83002afffffffff,32.41364991071507,79.1345859133172,28.26751429885717,79.93319689402763,122.00975429626516,318.7035781323494,-0.2841116,-2.0728683,2.8945792,1.024748,0.5507484,-1.369856242144562,8.937268636428826,1.581453845756186,0.13532229865897705,0.0,59.05583689474685,19.38995960197002,1.4536840204566808,0.0,49.99880936746571
830005fffffffff,83002efffffffff,32.41364991071507,79.1345859133172,27.02051280487098,78.93037919687289,116.28557133991072,261.39952516496294,-0.2841116,-2.0728683,2.8945792,1.024748,0.8543031,0.5909008640833115,6.976511530200952,2.0070721360292576,0.0,0.0,46.099512477729164,24.608399252548818,0.0,0.0,49.99880936746571
830006fffffffff,830000fffffffff,41.20060633382336,78.33211415004435,38.02340700796989,79.24239850975904,122.29423767240137,327.3863067887936,-0.57959163,-1.587414,2.6511471,1.8250461,1.8725796,-1.0247325700269483,8.592144964311212,1.343775585761262,0.41980567479518527,0.0,56.77532277816122,16.47582342788239,4.509713529805687,0.0,49.99880936746571
830006fffffffff,830002fffffffff,41.20060633382336,78.33211415004435,43.75098847490955,79.24756210656105,115.74090418181648,27.193715318993725,-0.57959163,-1.587414,2.6511471,1.8250461,1.9681301,-1.6768251714341815,9.244237565718445,0.20992143627268067,0.0,0.0,61.084231447640875,2.573814076103195,0.0,0.0,49.99880936746571
830006fffffffff,830004fffffffff,41.20060633382336,78.33211415004435,35.9758018082166,78.28997925905192,117.75811281535144,270.2804325307329,-0.57959163,-1.587414,2.6511471,1.8250461,1.7774838,0.5718151669571658,6.995597227327098,1.5902317692084402,0.0,0.0,46.225627274358416,19.497584355980475,0.0,0.0,49.99880936746571
830006fffffffff,830015fffffffff,41.20060633382336,78.33211415004435,46.4729694675059,78.27865044836899,118.94047654071392,90.28043253073264,-0.57959163,-1.587414,2.6511471,1.8250461,0.6857187,-0.571815166957173,8.139227561241436,1.5902317692084376,0.0,0.0,53.78252739843447,19.49758435598044,0.0,0.0,49.99880936746571
