latitude_band,bearing_sector,count,mean,median,min,max
-90,E,228,123.29389414064653,122.76783532859962,114.48526321372474,130.81646567063422
-90,N,218,122.74676704581326,124.57868878316523,108.07028794075318,130.48391647115747
-90,NE,220,123.44920919660335,123.65718298339104,112.63606324173068,130.63072644943597
-90,NW,217,122.63242662085305,124.35723586796112,108.95179944985914,130.71276324848716
-90,S,217,123.08804032402199,124.80045844448844,109.75858045949212,129.98989164812286
-90,SE,217,123.01611245285696,124.11323830432616,110.62917276898324,130.38262786041935
-90,SW,221,123.49592106762263,123.7927074708556,112.63606324173068,130.63072644943597
-90,W,226,123.33884478508496,122.66394310046911,115.7098920864937,130.65116277570877
-80,E,656,121.63187899938926,121.76076000964464,100.89322755831118,131.37849992517624
-80,N,680,121.74050369911377,122.84057596231034,102.40497030821886,131.37849992517724
-80,NE,676,121.36973569867828,122.9711938261674,96.80129053090693,131.31568777821568
-80,NW,675,120.17116045364573,123.13658518566857,94.47557041391786,131.37849992517624
-80,S,676,121.9374721971402,122.84096164115203,102.8906706126325,131.37849992517724
-80,SE,675,120.24523606295472,123.08276287423446,95.45039595259937,131.37849992517624
-80,SW,676,121.61500848569833,122.84096164115289,98.439985681113,131.37849992517624
-80,W,652,121.48490824783768,121.91873574543048,100.89322755831118,131.37849992517556
-70,E,1063,120.14289949604829,122.08072518832007,86.33526984855462,131.04414999399538
-70,N,1164,118.63497047185308,119.60255548804395,88.91355822038085,131.37849992517638
-70,NE,1142,117.30600470514891,120.7558149599193,86.33526984855489,131.37849992517738
-70,NW,1137,119.66173242504355,121.79437180853007,86.33526984855398,131.37849992517715
-70,S,1160,119.09917992207497,119.98817836574175,88.91355822038085,131.37849992517638
-70,SE,1140,119.37169810922978,121.74882861631167,86.33526984855398,131.37849992517715
-70,SW,1145,117.36063130428637,120.81655957552944,86.33526984855489,131.37849992517738
-70,W,1068,119.89182400741747,121.9187357454298,86.33526984855462,131.266860564822
-60,E,1525,118.72529078269433,120.5831360222872,87.95685245643557,131.044574482997
-60,N,1536,117.11069952674443,117.88769920359871,89.5900725599627,131.3156877782177
-60,NE,1548,118.84672966571937,119.2988806157316,90.83747111924323,131.37151634632576
-60,NW,1480,118.93343186097812,119.6933953246589,94.56295056162566,131.37151634632585
-60,S,1550,116.86060631312309,117.6920724355175,89.5900725599627,131.37849992517584
-60,SE,1477,119.07692953527781,119.90178148991292,96.77714994421278,131.378499925175
-60,SW,1529,119.03943626046082,119.5940578985061,97.69674440797807,131.37849992517638
-60,W,1533,118.56218971036351,120.4416944204974,87.95685245643557,131.18335310801828
-50,E,1739,119.2314189221092,121.880724802843,89.87416054622251,131.37849992517593
-50,N,1714,121.93056495478517,122.16097563069232,101.71973725271414,131.37849992517562
-50,NE,1875,118.10351208591686,120.3516154769505,87.95685245643446,131.1486459042971
-50,NW,1859,119.3032535009707,121.08635547679796,87.95685245643512,131.3784999251761
-50,S,1708,121.66601668005968,122.02941576476907,99.65020939083853,131.37849992517562
-50,SE,1870,119.14383108751393,121.05974773064781,87.95685245643557,131.3784999251761
-50,SW,1885,118.10325496322736,120.30888522666456,87.95685245643533,131.0445744829971
-50,W,1742,119.20132988981548,121.88419347994915,89.87416054622251,131.37849992517593
-40,E,1865,121.9293262997971,123.6016103933938,87.95685245643502,131.378499925178
-40,N,1999,121.59098369706608,124.78658108098816,87.9568524564351,131.3784999251767
-40,NE,1997,120.43661525229952,120.94285434563604,89.87416054622435,131.3784999251765
-40,NW,2089,120.56617243504805,122.00590612983858,94.20792718586004,131.3784999251759
-40,S,1998,121.66872693417497,124.51486005748646,87.9568524564351,131.3784999251767
-40,SE,2093,120.50692065403048,122.00975429626436,87.95685245643512,131.3784999251759
-40,SW,2022,120.11658474360117,120.69507034431055,87.95685245643446,131.3784999251765
-40,W,1846,122.08279550108784,123.77340749393733,87.95685245643502,131.378499925178
-30,E,2014,122.06618377423847,123.79270747085769,86.33526984855459,131.37849992517613
-30,N,2187,121.62409602648702,123.13658518566751,86.33526984855479,131.3784999251766
-30,NE,2031,121.29754797299333,122.962939955956,86.33526984855634,131.37849992517798
-30,NW,2264,120.86420259360577,122.27942657281577,86.33526984855585,131.37849992517573
-30,S,2186,121.68476042538398,123.5304347144669,86.33526984855479,131.3784999251766
-30,SE,2258,120.95745387508396,122.16097563069286,86.33526984855585,131.37849992517573
-30,SW,2062,121.21462415514968,122.7973139537701,86.33526984855634,131.37849992517798
-30,W,1992,122.21731111611376,123.93196294783462,86.33526984855459,131.37849992517613
-20,E,2239,120.08311520399523,121.39439247870637,86.33526984855045,131.378499925176
-20,N,2447,119.70122578136264,120.54380700426262,86.33526984855389,131.3784999251761
-20,NE,1751,121.82764675616377,123.53043471446637,88.91355822037974,131.3784999251765
-20,NW,2271,120.96698540538453,122.11883458940252,88.91355822038167,131.37849992517738
-20,S,2424,119.97739240729753,120.94285434563523,94.89500853337364,131.3156877782171
-20,SE,2275,120.89389585369693,122.08072518831952,88.91355822038167,131.37849992517627
-20,SW,1781,121.87277088871863,123.64550958299174,88.91355822037974,131.3784999251759
-20,W,2236,120.04255283433936,121.26640379464877,86.33526984855045,131.378499925176
-10,E,2063,118.76935013335691,120.8756098276618,86.33526984855735,131.0445744829978
-10,N,2523,119.20815528030612,120.9590189636059,87.95685245643567,131.37849992517604
-10,NE,1876,120.00605660303636,121.10214025891938,86.33526984855662,131.3784999251777
-10,NW,2217,121.34481272153043,123.53043471446696,86.33526984855573,131.37849992517656
-10,S,2536,118.96393608606495,120.49467366442371,86.33526984855389,131.3784999251761
-10,SE,2217,121.40697018904994,123.530434714466,86.33526984855573,131.37849992517738
-10,SW,1878,120.26966938561432,121.26640379464757,86.33526984855662,131.3784999251777
-10,W,2061,118.68192463916047,120.8165595755289,86.33526984855735,131.0445744829978
0,E,2082,118.9583437848457,120.05662421112521,88.91355822038133,131.3784999251784
0,N,2390,121.68834388659508,122.96370179586516,86.33526984855443,131.3784999251767
0,NE,1894,118.19634457250092,120.05662421112496,86.33526984855294,131.14864590429647
0,NW,2410,120.03972024118049,121.39439247870627,86.335269848556,131.37849992517766
0,S,2385,121.68435226875356,123.13658518566736,86.33526984855443,131.3784999251767
0,SE,2397,120.13632133212964,121.74126871608,86.335269848556,131.37849992517766
0,SW,1884,118.16429565246985,120.05662421112528,86.33526984855398,130.98208135785146
0,W,2081,119.06130719227674,120.41637011740482,88.91355822038133,131.3784999251784
10,E,2072,120.98295451985251,122.11883458940298,86.33526984855538,131.378499925176
10,N,2488,119.99093860849189,121.87443199760597,86.33526984855568,131.37849992517607
10,NE,1776,121.07532359485214,121.9734450560702,86.33526984855807,131.378499925175
10,NW,2373,120.51332796953109,121.94098398229949,93.49797136015204,131.29477929922388
10,S,2495,120.08885411269291,121.88072480284136,86.33526984855568,131.37849992517607
10,SE,2391,120.35323857986323,121.69805199259996,93.49797136015204,131.378499925175
10,SW,1750,120.731028108648,121.69805199259804,86.33526984855294,131.378499925175
10,W,2099,120.93700124120737,122.07277083042057,86.33526984855538,131.378499925176
20,E,1968,121.0069701885645,122.94678828448444,86.33526984855251,131.37849992517604
20,N,2369,120.91211502553298,121.53736769920816,88.91355822038024,131.37849992517718
20,NE,1801,122.67250907194735,124.94647774311002,86.3352698485568,131.37849992517678
20,NW,2312,121.80646948922394,123.08276287424016,86.33526984855386,131.37849992517687
20,S,2356,120.80655740412632,121.76076000964599,88.91355822038024,131.37849992517718
20,SE,2305,121.7836448034832,123.16612732110475,86.33526984855386,131.37849992517687
20,SW,1799,122.49475621954295,124.78658108098772,86.3352698485568,131.37849992517678
20,W,1974,121.10290975480629,122.96293995595616,86.33526984855251,131.37849992517604
30,E,2021,119.66908793129026,120.48852959058726,89.59007255996349,131.37849992517755
30,N,2107,120.84727280613909,123.02377497110923,87.95685245643324,131.3784999251762
30,NE,1825,122.12576247430704,123.93679775113269,87.95685245643591,131.37849992517715
30,NW,2065,121.5963329883284,123.79270747085684,90.56390260715064,131.37849992517764
30,S,2118,120.91186769350745,122.96256364982942,87.95685245643413,131.3784999251762
30,SE,2046,121.79668639576715,124.09010126749729,90.56390260715064,131.37849992517764
30,SW,1790,122.29056459437427,124.17618447775138,87.95685245643591,131.37849992517715
30,W,2011,119.77155554798559,120.60807312302842,88.91355822038166,131.37849992517755
40,E,1829,119.10681635404235,121.10214025891854,88.91355822038166,130.63072644943438
40,N,1849,118.84747407045553,120.833853860926,87.95685245643423,131.37849992517638
40,NE,1843,119.03794117826226,121.05974773064666,87.9568524564361,131.37849992517613
40,NW,1767,120.757077763596,122.27942657281392,94.5629505616252,131.37849992517644
40,S,1850,119.02555241504466,121.05974773064753,87.95685245643324,131.37849992517638
40,SE,1745,121.03318701617106,122.59065359586783,95.66622924089884,131.37849992517644
40,SW,1836,119.24272501661032,121.14063658425107,87.9568524564361,131.37849992517613
40,W,1814,119.27658034957517,121.42666280380209,89.59007255996318,130.7127632484849
50,E,1554,118.57061897979094,119.44211246749887,93.51793045572596,131.37151634632505
50,N,1464,118.8186968827464,119.77573757173116,94.56295056162756,131.1833531080183
50,NE,1523,117.4604108114468,118.93508906547616,87.95685245643728,131.3784999251748
50,NW,1559,118.396280644186,119.5248201969027,87.95685245643405,131.37849992517624
50,S,1461,118.76935372468917,119.77573757173028,96.77714994421258,130.9820813578532
50,SE,1551,118.49581824237575,119.61105307758524,87.95685245643405,131.31568777821653
50,SW,1528,117.20141294151655,118.60181821572448,87.95685245643728,131.3156877782155
50,W,1548,118.67188926926681,119.77573757172958,93.51793045572596,131.37151634632505
60,E,1161,117.23853626625848,119.34900059304616,86.335269848555,131.3784999251759
60,N,1133,119.75139617225075,121.38512041715312,86.33526984855408,131.2947792992246
60,NE,1109,120.54425755309684,122.33939137502684,88.91355822037997,131.37849992517602
60,NW,1110,118.67860673699941,121.52008905406856,86.33526984855621,131.37849992517647
60,S,1128,119.71148662864387,121.34587398719054,86.33526984855408,131.2947792992244
60,SE,1119,118.3382771553127,121.16462075082116,86.33526984855621,131.37849992517647
60,SW,1114,120.2669317459885,122.17518955212964,88.91355822037997,131.37849992517602
60,W,1164,117.23953910324973,118.99243878392484,86.335269848555,131.3784999251759
70,E,668,120.75031594541986,122.51031258884993,95.45039595259604,131.3784999251752
70,N,685,121.32869240592066,123.02394408847692,97.84862483817334,131.3784999251779
70,NE,654,120.89002529575242,122.56513232883194,100.89322755831432,131.3784999251759
70,NW,684,122.24040687547493,122.05109329759367,108.59763916275458,131.37849992517798
70,S,687,121.13137156530836,123.02394408848296,96.19341205561058,131.3784999251779
70,SE,683,122.03404537664399,121.94098398229856,107.2640958457328,131.37849992517798
70,SW,650,120.93595703070577,122.57789296234756,100.89322755831432,131.31568777821673
70,W,671,120.54704104596736,122.11883458940356,95.45039595259604,131.3784999251759
80,E,222,123.6477898515925,122.93101291914337,114.44834068351584,130.65116277570817
80,N,218,123.22036296181346,124.7946374385262,111.0261300530838,129.98989164811996
80,NE,221,122.89557136093893,123.98687048551768,110.05402780269624,130.63072644943588
80,NW,218,123.3200341180256,124.17359833969685,114.11940496352838,130.38262786041795
80,S,218,122.98404283257915,124.2164343301281,111.0261300530838,130.48391647115736
80,SE,219,123.11172184292708,124.35723586796148,112.75776815947889,130.71276324848793
80,SW,220,122.60233338274759,123.69633118039005,109.0600479360376,130.63072644943588
80,W,222,123.53793367645575,122.97119382617115,111.27188823828118,130.81646567063456
