behavior,route_name,is_reference,mean_nearest_km,median_nearest_km,p95_nearest_km,max_nearest_km,fraction_within_1step
support_only,start_83eea8fffffffff_end_83076bfffffffff,True,0.0,0.0,0.0,0.0,1.0
support_only,start_83eea8fffffffff_end_830745fffffffff,False,5.896533413462872,0.0,0.0,233.14664133713856,0.9891304347826086
support_only,start_83eea8fffffffff_end_830749fffffffff,False,12.11935556385408,0.0,123.61002951097767,219.01074213508258,0.9664804469273743
support_only,start_83eea8fffffffff_end_83074efffffffff,False,13.045460889674294,0.0,124.45976582721826,214.69024726585604,0.9558011049723757
support_only,start_83eea8fffffffff_end_830769fffffffff,False,4.473629453830765,0.0,0.0,119.98801263124045,1.0
support_only,start_83eea8fffffffff_end_83076dfffffffff,False,7.462800155123282,0.0,0.0,209.37503254374818,0.967032967032967
support_only,start_83eea8fffffffff_end_8319a0fffffffff,False,0.8831507354547562,0.0,0.0,212.40595858172742,1.0
support_only,start_83eea8fffffffff_end_8319a4fffffffff,False,0.296159607592152,0.0,0.0,106.91361834076687,1.0
support_only,start_83eea8fffffffff_end_8319a5fffffffff,False,4.390910218373946,0.0,0.0,187.78158666276474,1.0
support_only,start_83ee12fffffffff_end_83076bfffffffff,False,10.06256961294932,0.0,126.37394066457915,261.6461855934707,0.9891304347826086
support_only,start_83ee12fffffffff_end_830745fffffffff,False,15.8290016430447,0.0,127.0917430801432,261.6461855934707,0.9786096256684492
support_only,start_83ee12fffffffff_end_830749fffffffff,False,22.137206368358044,0.0,130.18878265913324,261.6461855934707,0.9560439560439561
support_only,start_83ee12fffffffff_end_83074efffffffff,False,23.00080753640711,0.0,130.48373623934015,261.6461855934707,0.9456521739130435
support_only,start_83ee12fffffffff_end_830769fffffffff,False,14.499429509625312,0.0,126.37394066457915,261.6461855934707,0.9891304347826086
support_only,start_83ee12fffffffff_end_83076dfffffffff,False,17.4367059153996,0.0,129.7212610158429,261.6461855934707,0.9567567567567568
support_only,start_83ee12fffffffff_end_8319a0fffffffff,False,10.99386273688764,0.0,127.01996283858678,261.6461855934707,0.989010989010989
support_only,start_83ee12fffffffff_end_8319a4fffffffff,False,10.38393276666832,0.0,126.37394066457915,261.6461855934707,0.9890710382513661
support_only,start_83ee12fffffffff_end_8319a5fffffffff,False,14.44493543285576,0.0,126.98407271780857,261.6461855934707,0.9890710382513661
support_only,start_83ee13fffffffff_end_83076bfffffffff,False,9.371405832783053,0.0,126.25864282774863,226.29980404894633,0.994535519125683
support_only,start_83ee13fffffffff_end_830745fffffffff,False,15.159200051899127,0.0,126.87640235547399,233.14664133713856,0.9838709677419355
support_only,start_83ee13fffffffff_end_830749fffffffff,False,21.47557935392403,0.0,130.17072805975405,226.29980404894633,0.9613259668508287
support_only,start_83ee13fffffffff_end_83074efffffffff,False,22.34518836592067,0.0,130.4394932023091,226.29980404894633,0.9508196721311475
support_only,start_83ee13fffffffff_end_830769fffffffff,False,13.820454904999364,0.0,126.25864282774863,226.29980404894633,0.994535519125683
support_only,start_83ee13fffffffff_end_83076dfffffffff,False,16.767638847788447,0.0,129.40197204872285,226.29980404894633,0.9619565217391305
support_only,start_83ee13fffffffff_end_8319a0fffffffff,False,10.301453005239622,0.0,126.37394066457915,226.29980404894633,0.994475138121547
support_only,start_83ee13fffffffff_end_8319a4fffffffff,False,9.691750251993934,0.0,126.29707544002547,226.29980404894633,0.9945054945054945
support_only,start_83ee13fffffffff_end_8319a5fffffffff,False,13.763940253349935,0.0,126.37394066457915,226.29980404894633,0.9945054945054945
support_only,start_83ee8cfffffffff_end_83076bfffffffff,False,8.697171363082836,0.0,124.70689640550782,224.87440761580106,1.0
support_only,start_83ee8cfffffffff_end_830745fffffffff,False,14.55431511466603,0.0,125.43168851517089,233.14664133713856,0.989010989010989
support_only,start_83ee8cfffffffff_end_830749fffffffff,False,20.932820373456117,0.0,129.23118444236295,224.87440761580106,0.9661016949152542
support_only,start_83ee8cfffffffff_end_83074efffffffff,False,21.815107035477542,0.0,129.64282997402555,224.87440761580106,0.9553072625698324
support_only,start_83ee8cfffffffff_end_830769fffffffff,False,13.195654313879327,0.0,124.70689640550782,224.87440761580106,1.0
support_only,start_83ee8cfffffffff_end_83076dfffffffff,False,16.177224783987736,0.0,128.2206344602867,224.87440761580106,0.9666666666666667
support_only,start_83ee8cfffffffff_end_8319a0fffffffff,False,9.63384345104339,0.0,124.82769509045166,224.87440761580106,1.0
support_only,start_83ee8cfffffffff_end_8319a4fffffffff,False,9.019206988998851,0.0,124.70689640550782,224.87440761580106,1.0
support_only,start_83ee8cfffffffff_end_8319a5fffffffff,False,13.136769580899209,0.0,124.78742886213702,224.87440761580106,1.0
support_only,start_83eea1fffffffff_end_83076bfffffffff,False,9.704638152513425,0.0,126.37394066457915,226.5884238827395,0.9945652173913043
support_only,start_83eea1fffffffff_end_830745fffffffff,False,15.473988102123228,0.0,127.0917430801432,233.14664133713856,0.983957219251337
support_only,start_83eea1fffffffff_end_830749fffffffff,False,21.77730283375997,0.0,130.18878265913324,226.5884238827395,0.9615384615384616
support_only,start_83eea1fffffffff_end_83074efffffffff,False,22.642876075971216,0.0,130.48373623934015,226.5884238827395,0.9510869565217391
support_only,start_83eea1fffffffff_end_830769fffffffff,False,14.141498049189419,0.0,126.37394066457915,226.5884238827395,0.9945652173913043
support_only,start_83eea1fffffffff_end_83076dfffffffff,False,17.07975240977364,0.0,129.7212610158429,226.5884238827395,0.9621621621621622
support_only,start_83eea1fffffffff_end_8319a0fffffffff,False,10.633959202289565,0.0,127.01996283858678,226.5884238827395,0.9945054945054945
support_only,start_83eea1fffffffff_end_8319a4fffffffff,False,10.025017978044415,0.0,126.37394066457915,226.5884238827395,0.994535519125683
support_only,start_83eea1fffffffff_end_8319a5fffffffff,False,14.086020644231853,0.0,126.98407271780857,226.5884238827395,0.994535519125683
support_only,start_83eea3fffffffff_end_83076bfffffffff,False,1.0760394746476774,0.0,0.0,261.0273864588683,0.994535519125683
support_only,start_83eea3fffffffff_end_830745fffffffff,False,6.931643228026439,0.0,75.10926395741009,261.0273864588683,0.9838709677419355
support_only,start_83eea3fffffffff_end_830749fffffffff,False,13.134382242428794,0.0,124.45976582721826,261.0273864588683,0.9613259668508287
support_only,start_83eea3fffffffff_end_83074efffffffff,False,14.049822007785298,0.0,125.3792695034351,261.0273864588683,0.9508196721311475
support_only,start_83eea3fffffffff_end_830769fffffffff,False,5.525088546863987,0.0,0.0,261.0273864588683,0.994535519125683
support_only,start_83eea3fffffffff_end_83076dfffffffff,False,8.494999520771248,0.0,0.0,261.0273864588683,0.9619565217391305
support_only,start_83eea3fffffffff_end_8319a0fffffffff,False,1.9602558937443835,0.0,0.0,261.0273864588683,0.994475138121547
support_only,start_83eea3fffffffff_end_8319a4fffffffff,False,1.3735316449380757,0.0,0.0,261.0273864588683,0.9945054945054945
support_only,start_83eea3fffffffff_end_8319a5fffffffff,False,5.445721646294075,0.0,0.0,261.0273864588683,0.9945054945054945
support_only,start_83eeabfffffffff_end_83076bfffffffff,False,0.36117021542523525,0.0,0.0,130.38244776850993,1.0
support_only,start_83eeabfffffffff_end_830745fffffffff,False,6.270926218907851,0.0,0.0,233.14664133713856,0.9890710382513661
support_only,start_83eeabfffffffff_end_830749fffffffff,False,12.516296520211638,0.0,123.84550277276152,219.01074213508258,0.9662921348314607
support_only,start_83eeabfffffffff_end_83074efffffffff,False,13.442768115874248,0.0,124.66113446791081,214.69024726585604,0.9555555555555556
support_only,start_83eeabfffffffff_end_830769fffffffff,False,4.8471919946128725,0.0,0.0,130.38244776850993,1.0
support_only,start_83eeabfffffffff_end_83076dfffffffff,False,7.843588132812877,0.0,0.0,209.37503254374818,0.9668508287292817
support_only,start_83eeabfffffffff_end_8319a0fffffffff,False,1.2487930711203958,0.0,0.0,212.40595858172742,1.0
support_only,start_83eeabfffffffff_end_8319a4fffffffff,False,0.6591557391924355,0.0,0.0,130.38244776850993,1.0
support_only,start_83eeabfffffffff_end_8319a5fffffffff,False,4.765280657226401,0.0,0.0,187.78158666276474,1.0
support_only,start_83eeacfffffffff_end_83076bfffffffff,False,9.108803576331486,0.0,126.25864282774863,130.712582700576,1.0
support_only,start_83eeacfffffffff_end_830745fffffffff,False,14.898744407898118,0.0,126.87640235547399,233.14664133713856,0.989247311827957
support_only,start_83eeacfffffffff_end_830749fffffffff,False,21.2115262562766,0.0,130.17072805975405,219.01074213508258,0.9668508287292817
support_only,start_83eeacfffffffff_end_83074efffffffff,False,22.082586109469105,0.0,130.4394932023091,214.69024726585604,0.9562841530054644
support_only,start_83eeacfffffffff_end_830769fffffffff,False,13.557852648547795,0.0,126.25864282774863,130.712582700576,1.0
support_only,start_83eeacfffffffff_end_83076dfffffffff,False,16.50575604957373,0.0,129.40197204872285,209.37503254374818,0.967391304347826
support_only,start_83eeacfffffffff_end_8319a0fffffffff,False,10.03739990759219,0.0,126.37394066457915,212.40595858172742,1.0
support_only,start_83eeacfffffffff_end_8319a4fffffffff,False,9.428424573348286,0.0,126.29707544002547,130.712582700576,1.0
support_only,start_83eeacfffffffff_end_8319a5fffffffff,False,13.500614574704285,0.0,126.37394066457915,187.78158666276474,1.0
support_only,start_83eeadfffffffff_end_83076bfffffffff,False,8.773806939625578,0.0,125.60528841904248,130.48373623934015,1.0
support_only,start_83eeadfffffffff_end_830745fffffffff,False,14.582313155732331,0.0,126.37394066457915,233.14664133713856,0.9891891891891892
support_only,start_83eeadfffffffff_end_830749fffffffff,False,20.908199230115105,0.0,129.82769067154962,219.01074213508258,0.9666666666666667
support_only,start_83eeadfffffffff_end_83074efffffffff,False,21.783329920512887,0.0,130.18878265913324,214.69024726585604,0.9560439560439561
support_only,start_83eeadfffffffff_end_830769fffffffff,False,13.235112345374162,0.0,125.60528841904248,130.48373623934015,1.0
support_only,start_83eeadfffffffff_end_83076dfffffffff,False,16.192001031301746,0.0,129.3286860437229,209.37503254374818,0.9672131147540983
support_only,start_83eeadfffffffff_end_8319a0fffffffff,False,9.703119622847083,0.0,126.37394066457915,212.40595858172742,1.0
support_only,start_83eeadfffffffff_end_8319a4fffffffff,False,9.09338546249959,0.0,125.60528841904248,130.48373623934015,1.0
support_only,start_83eeadfffffffff_end_8319a5fffffffff,False,13.176824607505743,0.0,126.33550805230232,187.78158666276474,1.0
crosswind_only,start_83eea8fffffffff_end_83076bfffffffff,True,0.0,0.0,0.0,0.0,1.0
crosswind_only,start_83eea8fffffffff_end_830745fffffffff,False,0.9759020051014914,0.0,0.0,196.94279976585054,1.0
crosswind_only,start_83eea8fffffffff_end_830749fffffffff,False,0.7587775581915573,0.0,0.0,219.01074213508258,0.9953917050691244
crosswind_only,start_83eea8fffffffff_end_83074efffffffff,False,1.167150293860167,0.0,0.0,214.69024726585604,0.9908256880733946
crosswind_only,start_83eea8fffffffff_end_830769fffffffff,False,0.48881273722040186,0.0,0.0,107.29894851058758,1.0
crosswind_only,start_83eea8fffffffff_end_83076dfffffffff,False,1.4757862340813004,0.0,0.0,197.3264172702166,1.0
crosswind_only,start_83eea8fffffffff_end_8319a0fffffffff,False,0.7391656873205887,0.0,0.0,212.40595858172742,0.9953917050691244
crosswind_only,start_83eea8fffffffff_end_8319a4fffffffff,False,0.2480594393057236,0.0,0.0,106.91361834076687,1.0
crosswind_only,start_83eea8fffffffff_end_8319a5fffffffff,False,0.923366737047651,0.0,0.0,187.78158666276474,0.9953703703703703
crosswind_only,start_83ee12fffffffff_end_83076bfffffffff,False,107.37386211809687,0.0,665.9473115950373,1252.2325854313492,0.8
crosswind_only,start_83ee12fffffffff_end_830745fffffffff,False,108.54543410541677,0.0,666.0348475464781,1252.2325854313492,0.7991452991452992
crosswind_only,start_83ee12fffffffff_end_830749fffffffff,False,107.62395986345652,0.0,665.7722396921557,1252.2325854313492,0.7974683544303798
crosswind_only,start_83ee12fffffffff_end_83074efffffffff,False,107.77839741806852,0.0,665.6847037407149,1252.2325854313492,0.7941176470588235
crosswind_only,start_83ee12fffffffff_end_830769fffffffff,False,107.84094984477414,0.0,665.9473115950373,1252.2325854313492,0.8
crosswind_only,start_83ee12fffffffff_end_83076dfffffffff,False,109.02305177631284,0.0,666.0348475464781,1252.2325854313492,0.7991452991452992
crosswind_only,start_83ee12fffffffff_end_8319a0fffffffff,False,107.60521577448249,0.0,665.7722396921557,1252.2325854313492,0.7974683544303798
crosswind_only,start_83ee12fffffffff_end_8319a4fffffffff,False,107.37284162191654,0.0,665.8597756435965,1252.2325854313492,0.8008474576271186
crosswind_only,start_83ee12fffffffff_end_8319a5fffffffff,False,108.01820181111115,0.0,665.8597756435965,1252.2325854313492,0.7966101694915254
crosswind_only,start_83ee13fffffffff_end_83076bfffffffff,False,106.12339401281783,0.0,666.0348475464781,1252.2325854313492,0.8034188034188035
crosswind_only,start_83ee13fffffffff_end_830745fffffffff,False,107.29478989273157,0.0,666.1223834979189,1252.2325854313492,0.8025751072961373
crosswind_only,start_83ee13fffffffff_end_830749fffffffff,False,106.37959161173828,0.0,665.8597756435965,1252.2325854313492,0.8008474576271186
crosswind_only,start_83ee13fffffffff_end_83074efffffffff,False,106.53712386946162,0.0,665.7722396921557,1252.2325854313492,0.7974683544303798
crosswind_only,start_83ee13fffffffff_end_830769fffffffff,False,106.59152202396432,0.0,666.0348475464781,1252.2325854313492,0.8034188034188035
crosswind_only,start_83ee13fffffffff_end_83076dfffffffff,False,107.77347367450018,0.0,666.1223834979189,1252.2325854313492,0.8025751072961373
crosswind_only,start_83ee13fffffffff_end_8319a0fffffffff,False,106.36080596159135,0.0,665.8597756435965,1252.2325854313492,0.8008474576271186
crosswind_only,start_83ee13fffffffff_end_8319a4fffffffff,False,106.12515006687994,0.0,665.9473115950373,1252.2325854313492,0.8042553191489362
crosswind_only,start_83ee13fffffffff_end_8319a5fffffffff,False,106.7719443898283,0.0,665.9473115950373,1252.2325854313492,0.8
crosswind_only,start_83ee8cfffffffff_end_83076bfffffffff,False,2.8744212740386317,0.0,0.0,259.8316126331588,1.0
crosswind_only,start_83ee8cfffffffff_end_830745fffffffff,False,3.8639432962512563,0.0,0.0,259.8316126331588,1.0
crosswind_only,start_83ee8cfffffffff_end_830749fffffffff,False,3.625104403620626,0.0,0.0,259.8316126331588,0.9953271028037384
crosswind_only,start_83ee8cfffffffff_end_83074efffffffff,False,4.029660375013833,0.0,0.0,259.8316126331588,0.9906976744186047
crosswind_only,start_83ee8cfffffffff_end_830769fffffffff,False,3.366668292785172,0.0,0.0,259.8316126331588,1.0
crosswind_only,start_83ee8cfffffffff_end_83076dfffffffff,False,4.367347836702755,0.0,0.0,259.8316126331588,1.0
crosswind_only,start_83ee8cfffffffff_end_8319a0fffffffff,False,3.6053553867995105,0.0,0.0,259.8316126331588,0.9953271028037384
crosswind_only,start_83ee8cfffffffff_end_8319a4fffffffff,False,3.117503510175847,0.0,0.0,259.8316126331588,1.0
crosswind_only,start_83ee8cfffffffff_end_8319a5fffffffff,False,3.797544270285124,0.0,0.0,259.8316126331588,0.9953051643192489
crosswind_only,start_83eea1fffffffff_end_83076bfffffffff,False,107.29104348456313,0.0,665.8597756435965,1252.2325854313492,0.7966101694915254
crosswind_only,start_83eea1fffffffff_end_830745fffffffff,False,108.45982793717003,0.0,665.9473115950373,1252.2325854313492,0.7957446808510639
crosswind_only,start_83eea1fffffffff_end_830749fffffffff,False,107.54095478295083,0.0,665.6847037407149,1252.2325854313492,0.7941176470588235
crosswind_only,start_83eea1fffffffff_end_83074efffffffff,False,107.69523499731152,0.0,665.5971677892741,1252.2325854313492,0.7907949790794979
crosswind_only,start_83eea1fffffffff_end_830769fffffffff,False,107.75709554000609,0.0,665.8597756435965,1252.2325854313492,0.7966101694915254
crosswind_only,start_83eea1fffffffff_end_83076dfffffffff,False,108.93638423546412,0.0,665.9473115950373,1252.2325854313492,0.7957446808510639
crosswind_only,start_83eea1fffffffff_end_8319a0fffffffff,False,107.52225207165665,0.0,665.6847037407149,1252.2325854313492,0.7941176470588235
crosswind_only,start_83eea1fffffffff_end_8319a4fffffffff,False,107.29020847318306,0.0,665.7722396921557,1252.2325854313492,0.7974683544303798
crosswind_only,start_83eea1fffffffff_end_8319a5fffffffff,False,107.93414087434847,0.0,665.7722396921557,1252.2325854313492,0.7932489451476793
crosswind_only,start_83eea3fffffffff_end_83076bfffffffff,False,0.9066628906753578,0.0,0.0,261.0273864588683,0.9953917050691244
crosswind_only,start_83eea3fffffffff_end_830745fffffffff,False,1.8801399743858336,0.0,0.0,261.0273864588683,0.9953703703703703
crosswind_only,start_83eea3fffffffff_end_830749fffffffff,False,1.6577656080887266,0.0,0.0,261.0273864588683,0.9908675799086758
crosswind_only,start_83eea3fffffffff_end_83074efffffffff,False,2.062194128765993,0.0,0.0,261.0273864588683,0.9863636363636363
crosswind_only,start_83eea3fffffffff_end_830769fffffffff,False,1.3932126059641836,0.0,0.0,261.0273864588683,0.9953917050691244
crosswind_only,start_83eea3fffffffff_end_83076dfffffffff,False,2.3777045549713054,0.0,0.0,261.0273864588683,0.9953703703703703
crosswind_only,start_83eea3fffffffff_end_8319a0fffffffff,False,1.6382441145028777,0.0,0.0,261.0273864588683,0.9908675799086758
crosswind_only,start_83eea3fffffffff_end_8319a4fffffffff,False,1.1514826492206038,0.0,0.0,261.0273864588683,0.9954128440366973
crosswind_only,start_83eea3fffffffff_end_8319a5fffffffff,False,1.823670744663492,0.0,0.0,261.0273864588683,0.9908256880733946
crosswind_only,start_83eeabfffffffff_end_83076bfffffffff,False,1.2157564812146002,0.0,0.0,130.38244776850993,1.0
crosswind_only,start_83eeabfffffffff_end_830745fffffffff,False,2.1990766607690606,0.0,0.0,196.94279976585054,1.0
crosswind_only,start_83eeabfffffffff_end_830749fffffffff,False,1.9724085560432603,0.0,0.0,219.01074213508258,0.9953488372093023
crosswind_only,start_83eeabfffffffff_end_83074efffffffff,False,2.379860443622509,0.0,0.0,214.69024726585604,0.9907407407407407
crosswind_only,start_83eeabfffffffff_end_830769fffffffff,False,1.7068533901042566,0.0,0.0,130.38244776850993,1.0
crosswind_only,start_83eeabfffffffff_end_83076dfffffffff,False,2.7013022678705547,0.0,0.0,197.3264172702166,1.0
crosswind_only,start_83eeabfffffffff_end_8319a0fffffffff,False,1.9527054671682404,0.0,0.0,212.40595858172742,0.9953488372093023
crosswind_only,start_83eeabfffffffff_end_8319a4fffffffff,False,1.4621384435911793,0.0,0.0,130.38244776850993,1.0
crosswind_only,start_83eeabfffffffff_end_8319a5fffffffff,False,2.1405940271034654,0.0,0.0,187.78158666276474,0.9953271028037384
crosswind_only,start_83eeacfffffffff_end_83076bfffffffff,False,19.26856334708489,0.0,215.82839724297065,260.0070751620775,0.9302325581395349
crosswind_only,start_83eeacfffffffff_end_830745fffffffff,False,20.289380418263505,0.0,215.82839724297065,260.0070751620775,0.9299065420560748
crosswind_only,start_83eeacfffffffff_end_830749fffffffff,False,19.938134593484392,0.0,216.3716227969824,260.0070751620775,0.9262672811059908
crosswind_only,start_83eeacfffffffff_end_83074efffffffff,False,20.30221320205071,0.0,215.82839724297065,260.0070751620775,0.9220183486238532
crosswind_only,start_83eeacfffffffff_end_830769fffffffff,False,19.757376084305292,0.0,215.82839724297065,260.0070751620775,0.9302325581395349
crosswind_only,start_83eeacfffffffff_end_83076dfffffffff,False,20.789264647243318,0.0,215.82839724297065,260.0070751620775,0.9299065420560748
crosswind_only,start_83eeacfffffffff_end_8319a0fffffffff,False,19.91852272261342,0.0,215.82839724297065,260.0070751620775,0.9262672811059908
crosswind_only,start_83eeacfffffffff_end_8319a4fffffffff,False,19.4719161428939,0.0,215.82839724297065,260.0070751620775,0.9305555555555556
crosswind_only,start_83eeacfffffffff_end_8319a5fffffffff,False,20.147223440635823,0.0,215.82839724297065,260.0070751620775,0.9259259259259259
crosswind_only,start_83eeadfffffffff_end_83076bfffffffff,False,19.00878707819564,0.0,215.82839724297065,260.0070751620775,0.9299065420560748
crosswind_only,start_83eeadfffffffff_end_830745fffffffff,False,20.031382282089883,0.0,215.82839724297065,260.0070751620775,0.9295774647887324
crosswind_only,start_83eeadfffffffff_end_830749fffffffff,False,19.68111731249346,0.0,216.43198119187258,260.0070751620775,0.9259259259259259
crosswind_only,start_83eeadfffffffff_end_83074efffffffff,False,20.046633643026343,0.0,215.82839724297065,260.0070751620775,0.9216589861751152
crosswind_only,start_83eeadfffffffff_end_830769fffffffff,False,19.498739239045925,0.0,215.82839724297065,260.0070751620775,0.9299065420560748
crosswind_only,start_83eeadfffffffff_end_83076dfffffffff,False,20.532434464875717,0.0,215.82839724297065,260.0070751620775,0.9295774647887324
crosswind_only,start_83eeadfffffffff_end_8319a0fffffffff,False,19.661459938441812,0.0,215.82839724297065,260.0070751620775,0.9259259259259259
crosswind_only,start_83eeadfffffffff_end_8319a4fffffffff,False,19.21321691834115,0.0,215.82839724297065,260.0070751620775,0.9302325581395349
crosswind_only,start_83eeadfffffffff_end_8319a5fffffffff,False,19.89009469817085,0.0,215.82839724297065,260.0070751620775,0.9255813953488372
distance_only,start_83eea8fffffffff_end_83076bfffffffff,True,0.0,0.0,0.0,0.0,1.0
distance_only,start_83eea8fffffffff_end_830745fffffffff,False,2.581769831079685,0.0,0.0,233.14664133713856,0.984
distance_only,start_83eea8fffffffff_end_830749fffffffff,False,5.619408038403942,0.0,0.0,219.01074213508258,0.975609756097561
distance_only,start_83eea8fffffffff_end_83074efffffffff,False,7.137847487313508,0.0,0.0,219.01074213508258,0.96
distance_only,start_83eea8fffffffff_end_830769fffffffff,False,0.4567612428447059,0.0,0.0,111.90650449695293,1.0
distance_only,start_83eea8fffffffff_end_83076dfffffffff,False,1.687038350561923,0.0,0.0,197.3264172702166,1.0
distance_only,start_83eea8fffffffff_end_8319a0fffffffff,False,4.075385370030156,0.0,0.0,212.40595858172742,0.9917355371900827
distance_only,start_83eea8fffffffff_end_8319a4fffffffff,False,3.7657006382588056,0.0,0.0,187.10418430802181,0.9918032786885246
distance_only,start_83eea8fffffffff_end_8319a5fffffffff,False,2.0593930332432087,0.0,0.0,187.78158666276474,1.0
distance_only,start_83ee12fffffffff_end_83076bfffffffff,False,3.019812347262489,0.0,0.0,261.6461855934707,0.984
distance_only,start_83ee12fffffffff_end_830745fffffffff,False,5.556769520915437,0.0,0.0,261.6461855934707,0.968503937007874
distance_only,start_83ee12fffffffff_end_830749fffffffff,False,8.59390257890511,0.0,0.0,261.6461855934707,0.96
distance_only,start_83ee12fffffffff_end_83074efffffffff,False,10.076398555899388,0.0,111.25142709645482,261.6461855934707,0.9448818897637795
distance_only,start_83ee12fffffffff_end_830769fffffffff,False,3.4851010794253043,0.0,0.0,261.6461855934707,0.9838709677419355
distance_only,start_83ee12fffffffff_end_83076dfffffffff,False,4.705416429185298,0.0,0.0,261.6461855934707,0.9838709677419355
distance_only,start_83ee12fffffffff_end_8319a0fffffffff,False,7.086615822798599,0.0,0.0,261.6461855934707,0.975609756097561
distance_only,start_83ee12fffffffff_end_8319a4fffffffff,False,6.767247443297589,0.0,0.0,261.6461855934707,0.9758064516129032
distance_only,start_83ee12fffffffff_end_8319a5fffffffff,False,5.087013667611545,0.0,0.0,261.6461855934707,0.983739837398374
distance_only,start_83ee13fffffffff_end_83076bfffffffff,False,1.9727420102333062,0.0,0.0,226.29980404894633,0.9919354838709677
distance_only,start_83ee13fffffffff_end_830745fffffffff,False,4.528297970423247,0.0,0.0,233.14664133713856,0.9761904761904762
distance_only,start_83ee13fffffffff_end_830749fffffffff,False,7.569399408805654,0.0,0.0,226.29980404894633,0.967741935483871
distance_only,start_83ee13fffffffff_end_83074efffffffff,False,9.066078126029623,0.0,64.29803790916273,226.29980404894633,0.9523809523809523
distance_only,start_83ee13fffffffff_end_830769fffffffff,False,2.435665776522681,0.0,0.0,226.29980404894633,0.991869918699187
distance_only,start_83ee13fffffffff_end_83076dfffffffff,False,3.6609417577857633,0.0,0.0,226.29980404894633,0.991869918699187
distance_only,start_83ee13fffffffff_end_8319a0fffffffff,False,158.16942466826094,125.6351398939938,226.91394961967322,227.94205129797717,0.6311475409836066
distance_only,start_83ee13fffffffff_end_8319a4fffffffff,False,5.73115419878469,0.0,0.0,226.29980404894633,0.983739837398374
distance_only,start_83ee13fffffffff_end_8319a5fffffffff,False,4.03983337403661,0.0,0.0,226.29980404894633,0.9918032786885246
distance_only,start_83ee8cfffffffff_end_83076bfffffffff,False,207.9913085659855,214.58544361880755,226.91394961967322,259.8316126331588,0.04918032786885246
distance_only,start_83ee8cfffffffff_end_830745fffffffff,False,111.06977544437017,118.65853060169097,222.79592038954866,259.8316126331588,0.6693548387096774
distance_only,start_83ee8cfffffffff_end_830749fffffffff,False,313.1931422731559,324.03216502328326,346.3907100771875,347.29921434274377,0.03278688524590164
distance_only,start_83ee8cfffffffff_end_83074efffffffff,False,115.64429875913126,119.04936031102585,222.22502122938843,259.8316126331588,0.6451612903225806
distance_only,start_83ee8cfffffffff_end_830769fffffffff,False,6.2670510663666175,0.0,0.0,259.8316126331588,0.9834710743801653
distance_only,start_83ee8cfffffffff_end_83076dfffffffff,False,7.502370293377758,0.0,0.0,259.8316126331588,0.9834710743801653
distance_only,start_83ee8cfffffffff_end_8319a0fffffffff,False,210.5475583106594,215.18619824944753,226.9714541835847,259.8316126331588,0.03333333333333333
distance_only,start_83ee8cfffffffff_end_8319a4fffffffff,False,209.28779186984673,214.88582093412754,226.9283257606511,259.8316126331588,0.04132231404958678
distance_only,start_83ee8cfffffffff_end_8319a5fffffffff,False,7.900188707028168,0.0,0.0,259.8316126331588,0.9833333333333333
distance_only,start_83eea1fffffffff_end_83076bfffffffff,False,109.48505592653088,118.65853060169097,222.22502122938843,226.5884238827395,0.68
distance_only,start_83eea1fffffffff_end_830745fffffffff,False,111.17029115154968,118.81160554906555,222.6735848552286,233.14664133713856,0.6692913385826772
distance_only,start_83eea1fffffffff_end_830749fffffffff,False,115.05914615817349,119.04936031102585,222.22502122938843,226.5884238827395,0.656
distance_only,start_83eea1fffffffff_end_83074efffffffff,False,115.68992018653364,119.28700770672216,222.22502122938843,226.5884238827395,0.6456692913385826
distance_only,start_83eea1fffffffff_end_830769fffffffff,False,110.38137803350854,118.65853060169097,222.22502122938843,226.5884238827395,0.6774193548387096
distance_only,start_83eea1fffffffff_end_83076dfffffffff,False,111.60169338326854,118.96468049644011,222.22502122938843,226.5884238827395,0.6774193548387096
distance_only,start_83eea1fffffffff_end_8319a0fffffffff,False,114.4174304880773,119.00702040373307,222.22502122938843,226.5884238827395,0.6666666666666666
distance_only,start_83eea1fffffffff_end_8319a4fffffffff,False,113.66352439738084,118.96468049644011,222.22502122938843,226.5884238827395,0.6693548387096774
distance_only,start_83eea1fffffffff_end_8319a5fffffffff,False,112.41782833289025,118.96468049644011,222.22502122938843,226.5884238827395,0.6747967479674797
distance_only,start_83eea3fffffffff_end_83076bfffffffff,False,266.6390004278117,307.0694742952727,337.956427224115,343.9233327739274,0.032
distance_only,start_83eea3fffffffff_end_830745fffffffff,False,267.0670040968203,306.44493723253385,337.956427224115,343.9233327739274,0.031496062992125984
distance_only,start_83eea3fffffffff_end_830749fffffffff,False,267.267958226262,307.0694742952727,337.956427224115,343.9233327739274,0.032
distance_only,start_83eea3fffffffff_end_83074efffffffff,False,266.6810617580774,306.44493723253385,337.956427224115,343.9233327739274,0.031496062992125984
distance_only,start_83eea3fffffffff_end_830769fffffffff,False,268.17157332224394,307.69401135801155,337.956427224115,343.9233327739274,0.024193548387096774
distance_only,start_83eea3fffffffff_end_83076dfffffffff,False,270.2992018106893,307.69401135801155,337.956427224115,343.9233327739274,0.024193548387096774
distance_only,start_83eea3fffffffff_end_8319a0fffffffff,False,267.8637125729795,307.69401135801155,337.956427224115,343.9233327739274,0.032520325203252036
distance_only,start_83eea3fffffffff_end_8319a4fffffffff,False,266.4885664738421,307.69401135801155,337.956427224115,343.9233327739274,0.04032258064516129
distance_only,start_83eea3fffffffff_end_8319a5fffffffff,False,269.20075319705506,307.69401135801155,337.956427224115,343.9233327739274,0.024390243902439025
distance_only,start_83eeabfffffffff_end_83076bfffffffff,False,205.91700079139144,213.86024719731967,226.68393136402722,227.26007385483936,0.06557377049180328
distance_only,start_83eeabfffffffff_end_830745fffffffff,False,6.272580846270128,0.0,0.0,233.14664133713856,0.9838709677419355
distance_only,start_83eeabfffffffff_end_830749fffffffff,False,9.352746646401346,0.0,126.30418343191867,219.01074213508258,0.9754098360655737
distance_only,start_83eeabfffffffff_end_83074efffffffff,False,10.847104161031213,0.0,129.69997508470158,219.01074213508258,0.9596774193548387
distance_only,start_83eeabfffffffff_end_830769fffffffff,False,4.184242030401281,0.0,0.0,130.38244776850993,1.0
distance_only,start_83eeabfffffffff_end_83076dfffffffff,False,5.419561257412421,0.0,0.0,197.3264172702166,1.0
distance_only,start_83eeabfffffffff_end_8319a0fffffffff,False,208.4561780440934,214.58544361880706,226.94270190162896,227.94205129797717,0.05
distance_only,start_83eeabfffffffff_end_8319a4fffffffff,False,207.20498283388142,213.86024719731967,226.68393136402722,227.26007385483936,0.05785123966942149
distance_only,start_83eeabfffffffff_end_8319a5fffffffff,False,5.808808440462151,0.0,0.0,187.78158666276474,1.0
distance_only,start_83eeacfffffffff_end_83076bfffffffff,False,0.5292007396784454,0.0,0.0,130.712582700576,1.0
distance_only,start_83eeacfffffffff_end_830745fffffffff,False,3.096351408868827,0.0,0.0,233.14664133713856,0.9841269841269841
distance_only,start_83eeacfffffffff_end_830749fffffffff,False,6.125858138250794,0.0,0.0,219.01074213508258,0.9758064516129032
distance_only,start_83eeacfffffffff_end_83074efffffffff,False,7.634131564475204,0.0,0.0,219.01074213508258,0.9603174603174603
distance_only,start_83eeacfffffffff_end_830769fffffffff,False,0.9862564520224754,0.0,0.0,130.712582700576,1.0
distance_only,start_83eeacfffffffff_end_83076dfffffffff,False,2.2115324332855577,0.0,0.0,197.3264172702166,1.0
distance_only,start_83eeacfffffffff_end_8319a0fffffffff,False,4.5922718897466694,0.0,0.0,212.40595858172742,0.9918032786885246
distance_only,start_83eeacfffffffff_end_8319a4fffffffff,False,4.281744874284485,0.0,0.0,187.10418430802181,0.991869918699187
distance_only,start_83eeacfffffffff_end_8319a5fffffffff,False,2.584508093109873,0.0,0.0,187.78158666276474,1.0
distance_only,start_83eeadfffffffff_end_83076bfffffffff,False,1.060843384059676,0.0,0.0,130.48373623934015,1.0
distance_only,start_83eeadfffffffff_end_830745fffffffff,False,3.634058026558235,0.0,0.0,233.14664133713856,0.984
distance_only,start_83eeadfffffffff_end_830749fffffffff,False,6.68025142246362,0.0,0.0,219.01074213508258,0.975609756097561
distance_only,start_83eeadfffffffff_end_83074efffffffff,False,8.190135682792056,0.0,0.0,219.01074213508258,0.96
distance_only,start_83eeadfffffffff_end_830769fffffffff,False,1.5219345999005438,0.0,0.0,130.48373623934015,1.0
distance_only,start_83eeadfffffffff_end_83076dfffffffff,False,2.752211707617761,0.0,0.0,197.3264172702166,1.0
distance_only,start_83eeadfffffffff_end_8319a0fffffffff,False,157.1044339042516,125.6351398939938,226.9283257606511,227.94205129797717,0.6446280991735537
distance_only,start_83eeadfffffffff_end_8319a4fffffffff,False,156.06794456893772,125.43467960248782,226.68393136402722,227.26007385483936,0.6475409836065574
distance_only,start_83eeadfffffffff_end_8319a5fffffffff,False,3.1289318548771443,0.0,0.0,187.78158666276474,1.0
food_only,start_83eea8fffffffff_end_83076bfffffffff,True,0.0,0.0,0.0,0.0,1.0
food_only,start_83eea8fffffffff_end_830745fffffffff,False,20.578848209107143,0.0,112.21259606227645,701.8728026167337,0.9305555555555556
food_only,start_83eea8fffffffff_end_830749fffffffff,False,27.490611003712463,0.0,309.07695307487063,526.9629254804885,0.9271844660194175
food_only,start_83eea8fffffffff_end_83074efffffffff,False,28.215993355741315,0.0,309.00638127771856,526.9629254804885,0.9182692307692307
food_only,start_83eea8fffffffff_end_830769fffffffff,False,0.2722785997492772,0.0,0.0,111.90650449695293,1.0
food_only,start_83eea8fffffffff_end_83076dfffffffff,False,1.5122925234863234,0.0,0.0,197.3264172702166,1.0
food_only,start_83eea8fffffffff_end_8319a0fffffffff,False,8.808615959765879,0.0,0.0,287.5019288653365,0.9656862745098039
food_only,start_83eea8fffffffff_end_8319a4fffffffff,False,8.612494329902821,0.0,0.0,287.5019288653365,0.9658536585365853
food_only,start_83eea8fffffffff_end_8319a5fffffffff,False,2.7856200783290643,0.0,0.0,187.78158666276474,1.0
food_only,start_83ee12fffffffff_end_83076bfffffffff,False,0.947726493463881,0.0,0.0,261.6461855934707,0.9951923076923077
food_only,start_83ee12fffffffff_end_830745fffffffff,False,21.407152623908633,0.0,128.10911473939385,701.8728026167337,0.926605504587156
food_only,start_83ee12fffffffff_end_830749fffffffff,False,28.305532613100436,0.0,309.00638127771856,526.9629254804885,0.9230769230769231
food_only,start_83ee12fffffffff_end_83074efffffffff,False,29.023509657622476,0.0,308.9358094805666,526.9629254804885,0.9142857142857143
food_only,start_83ee12fffffffff_end_830769fffffffff,False,1.2209812900508468,0.0,0.0,261.6461855934707,0.9951690821256038
food_only,start_83ee12fffffffff_end_83076dfffffffff,False,2.454990303745583,0.0,0.0,261.6461855934707,0.9951690821256038
food_only,start_83ee12fffffffff_end_8319a0fffffffff,False,9.718182795626351,0.0,0.0,287.5019288653365,0.9611650485436893
food_only,start_83ee12fffffffff_end_8319a4fffffffff,False,9.520808566305341,0.0,42.76544733630432,287.5019288653365,0.961352657004831
food_only,start_83ee12fffffffff_end_8319a5fffffffff,False,3.7244247582741825,0.0,0.0,261.6461855934707,0.9951456310679612
food_only,start_83ee13fffffffff_end_83076bfffffffff,False,0.8623487602645467,0.0,0.0,226.29980404894633,0.9951923076923077
food_only,start_83ee13fffffffff_end_830745fffffffff,False,21.323788516492304,0.0,128.10911473939385,701.8728026167337,0.926605504587156
food_only,start_83ee13fffffffff_end_830749fffffffff,False,28.220154879901102,0.0,309.00638127771856,526.9629254804885,0.9230769230769231
food_only,start_83ee13fffffffff_end_83074efffffffff,False,28.938542394294295,0.0,308.9358094805666,526.9629254804885,0.9142857142857143
food_only,start_83ee13fffffffff_end_830769fffffffff,False,1.135396831105267,0.0,0.0,226.29980404894633,0.9951690821256038
food_only,start_83ee13fffffffff_end_83076dfffffffff,False,2.369405844800003,0.0,0.0,226.29980404894633,0.9951690821256038
food_only,start_83ee13fffffffff_end_8319a0fffffffff,False,9.632390607411486,0.0,0.0,287.5019288653365,0.9611650485436893
food_only,start_83ee13fffffffff_end_8319a4fffffffff,False,9.435224107359762,0.0,42.76544733630432,287.5019288653365,0.961352657004831
food_only,start_83ee13fffffffff_end_8319a5fffffffff,False,3.6386325700593174,0.0,0.0,226.29980404894633,0.9951456310679612
food_only,start_83ee8cfffffffff_end_83076bfffffffff,False,0.8655325250878291,0.0,0.0,224.87440761580106,1.0
food_only,start_83ee8cfffffffff_end_830745fffffffff,False,21.521767332212438,0.0,132.666853574509,701.8728026167337,0.9299065420560748
food_only,start_83ee8cfffffffff_end_830749fffffffff,False,28.49024407028181,0.0,309.14752487202264,526.9629254804885,0.9264705882352942
food_only,start_83ee8cfffffffff_end_83074efffffffff,False,29.21429510816241,0.0,309.07695307487063,526.9629254804885,0.9174757281553398
food_only,start_83ee8cfffffffff_end_830769fffffffff,False,1.1412587769754594,0.0,0.0,224.87440761580106,1.0
food_only,start_83ee8cfffffffff_end_83076dfffffffff,False,2.3873363384813904,0.0,0.0,224.87440761580106,1.0
food_only,start_83ee8cfffffffff_end_8319a0fffffffff,False,9.721570781348088,0.0,0.0,287.5019288653365,0.9653465346534653
food_only,start_83ee8cfffffffff_end_8319a4fffffffff,False,9.522257958132199,0.0,64.14817100445649,287.5019288653365,0.9655172413793104
food_only,start_83ee8cfffffffff_end_8319a5fffffffff,False,3.669050410296388,0.0,0.0,224.87440761580106,1.0
food_only,start_83eea1fffffffff_end_83076bfffffffff,False,0.8630459096215349,0.0,0.0,226.5884238827395,0.9951923076923077
food_only,start_83eea1fffffffff_end_830745fffffffff,False,21.324469223647473,0.0,128.10911473939385,701.8728026167337,0.926605504587156
food_only,start_83eea1fffffffff_end_830749fffffffff,False,28.220852029258094,0.0,309.00638127771856,526.9629254804885,0.9230769230769231
food_only,start_83eea1fffffffff_end_83074efffffffff,False,28.93923619197168,0.0,308.9358094805666,526.9629254804885,0.9142857142857143
food_only,start_83eea1fffffffff_end_830769fffffffff,False,1.1360956684752261,0.0,0.0,226.5884238827395,0.9951690821256038
food_only,start_83eea1fffffffff_end_83076dfffffffff,False,2.3701046821699623,0.0,0.0,226.5884238827395,0.9951690821256038
food_only,start_83eea1fffffffff_end_8319a0fffffffff,False,9.633091140988654,0.0,0.0,287.5019288653365,0.9611650485436893
food_only,start_83eea1fffffffff_end_8319a4fffffffff,False,9.435922944729722,0.0,42.76544733630432,287.5019288653365,0.961352657004831
food_only,start_83eea1fffffffff_end_8319a5fffffffff,False,3.6393331036364853,0.0,0.0,226.5884238827395,0.9951456310679612
food_only,start_83eea3fffffffff_end_83076bfffffffff,False,2.0340688418526827,0.0,0.0,226.11223858282975,0.9951690821256038
food_only,start_83eea3fffffffff_end_830745fffffffff,False,22.51618055775029,0.0,178.13738755265354,701.8728026167337,0.9262672811059908
food_only,start_83eea3fffffffff_end_830749fffffffff,False,29.45811662279587,0.0,309.0416671762946,526.9629254804885,0.9227053140096618
food_only,start_83eea3fffffffff_end_83074efffffffff,False,30.17226911075196,0.0,308.9710953791426,526.9629254804885,0.9138755980861244
food_only,start_83eea3fffffffff_end_830769fffffffff,False,2.3106236315099777,0.0,0.0,226.11223858282975,0.9951456310679612
food_only,start_83eea3fffffffff_end_83076dfffffffff,False,3.5476278127136815,0.0,0.0,226.11223858282975,0.9951456310679612
food_only,start_83eea3fffffffff_end_8319a0fffffffff,False,10.83115079121452,0.0,123.03987328214257,287.5019288653365,0.9609756097560975
food_only,start_83eea3fffffffff_end_8319a4fffffffff,False,10.630596119600042,0.0,113.29569303782824,287.5019288653365,0.9611650485436893
food_only,start_83eea3fffffffff_end_8319a5fffffffff,False,4.822809400973417,0.0,0.0,226.11223858282975,0.9951219512195122
food_only,start_83eeabfffffffff_end_83076bfffffffff,False,2.992435436209132,0.0,0.0,224.0613134457685,0.9950980392156863
food_only,start_83eeabfffffffff_end_830745fffffffff,False,23.598029697830853,0.0,184.42461797521955,701.8728026167337,0.9252336448598131
food_only,start_83eeabfffffffff_end_830749fffffffff,False,30.617146981403117,0.0,309.14752487202264,526.9629254804885,0.9215686274509803
food_only,start_83eeabfffffffff_end_83074efffffffff,False,31.330873247870507,0.0,309.07695307487063,526.9629254804885,0.912621359223301
food_only,start_83eeabfffffffff_end_830769fffffffff,False,3.2733619397131957,0.0,0.0,224.0613134457685,0.9950738916256158
food_only,start_83eeabfffffffff_end_83076dfffffffff,False,4.519439501219127,0.0,0.0,224.0613134457685,0.9950738916256158
food_only,start_83eeabfffffffff_end_8319a0fffffffff,False,11.858899687131752,0.0,129.64282997402555,287.5019288653365,0.9603960396039604
food_only,start_83eeabfffffffff_end_8319a4fffffffff,False,11.654361120869936,0.0,129.33365700617819,287.5019288653365,0.9605911330049262
food_only,start_83eeabfffffffff_end_8319a5fffffffff,False,5.80637931608005,0.0,0.0,224.0613134457685,0.995049504950495
food_only,start_83eeacfffffffff_end_83076bfffffffff,False,0.31649535762851333,0.0,0.0,130.712582700576,1.0
food_only,start_83eeacfffffffff_end_830745fffffffff,False,20.839211647621255,0.0,113.24177626965668,701.8728026167337,0.9308755760368663
food_only,start_83eeacfffffffff_end_830749fffffffff,False,27.7405431385717,0.0,309.0416671762946,526.9629254804885,0.927536231884058
food_only,start_83eeacfffffffff_end_83074efffffffff,False,28.462973089102366,0.0,308.9710953791426,526.9629254804885,0.9186602870813397
food_only,start_83eeacfffffffff_end_830769fffffffff,False,0.5888812796056527,0.0,0.0,130.712582700576,1.0
food_only,start_83eeacfffffffff_end_83076dfffffffff,False,1.8258854608093567,0.0,0.0,197.3264172702166,1.0
food_only,start_83eeacfffffffff_end_8319a0fffffffff,False,9.10521928516931,0.0,0.0,287.5019288653365,0.9658536585365853
food_only,start_83eeacfffffffff_end_8319a4fffffffff,False,8.908853767695717,0.0,0.0,287.5019288653365,0.9660194174757282
food_only,start_83eeacfffffffff_end_8319a5fffffffff,False,3.096877894928205,0.0,0.0,187.78158666276474,1.0
food_only,start_83eeadfffffffff_end_83076bfffffffff,False,0.3159412499741892,0.0,0.0,130.48373623934015,1.0
food_only,start_83eeadfffffffff_end_830745fffffffff,False,20.838670639438664,0.0,113.24177626965668,701.8728026167337,0.9308755760368663
food_only,start_83eeadfffffffff_end_830749fffffffff,False,27.739989030917375,0.0,309.0416671762946,526.9629254804885,0.927536231884058
food_only,start_83eeadfffffffff_end_83074efffffffff,False,28.462421651846373,0.0,308.9710953791426,526.9629254804885,0.9186602870813397
food_only,start_83eeadfffffffff_end_830769fffffffff,False,0.5883258270298376,0.0,0.0,130.48373623934015,1.0
food_only,start_83eeadfffffffff_end_83076dfffffffff,False,1.8253300082335413,0.0,0.0,197.3264172702166,1.0
food_only,start_83eeadfffffffff_end_8319a0fffffffff,False,9.104662481127374,0.0,0.0,287.5019288653365,0.9658536585365853
food_only,start_83eeadfffffffff_end_8319a4fffffffff,False,8.908298315119902,0.0,0.0,287.5019288653365,0.9660194174757282
food_only,start_83eeadfffffffff_end_8319a5fffffffff,False,3.0963210908862693,0.0,0.0,187.78158666276474,1.0
