behavior,n_steps,total_distance_km,total_cost,mean_edge_distance_km,sum_w_cost,sum_c_cost,sum_d_cost,sum_f_cost,a_wind,b_crosswind,c_distance,d_food,status
behavior_031,210,25297.70276701342,2955.936280839532,120.46525127149248,8212.77479088969,4032.600778796312,10499.74996716778,1879.2717828827517,0.0,0.5,0.0,0.5,ok
behavior_061,162,19513.494695945647,3228.960778553381,120.45367096262744,6085.003055742869,4116.807033996204,8099.807117529432,1947.475318761226,0.1,0.4,0.0,0.5,ok
behavior_090,162,19500.778287605033,3420.3741219941685,120.37517461484589,5989.597140929148,4317.5815326157735,8099.807117529432,1854.3604680472124,0.2,0.3,0.0,0.5,ok
behavior_025,162,19511.461510415473,3426.581974947345,120.44112043466342,6159.990651059652,4120.318370303876,8099.807117529432,1936.947830145706,0.0,0.4,0.1,0.5,ok
behavior_067,162,19513.889093484184,3445.733455346886,120.45610551533447,6093.542822606469,4114.778091163497,8099.807117529432,1947.475318761226,0.1,0.5,0.0,0.4,ok
behavior_117,162,19492.633482182104,3578.6451906592397,120.32489803816114,5904.914373547388,4373.808706822673,8099.807117529432,1864.81827446098,0.3,0.2,0.0,0.5,ok
behavior_055,162,19510.84378280325,3626.9526943358865,120.43730730125463,6080.953343875656,4126.402891920509,8099.807117529432,1941.9115612384498,0.1,0.3,0.1,0.5,ok
behavior_032,162,19494.65425758253,3640.3016466608706,120.33737196038598,6252.173543540709,4072.5676513516905,8099.807117529432,1985.0927730802098,0.0,0.5,0.1,0.4,ok
behavior_096,162,19512.40874101775,3641.664707799967,120.4469675371466,6072.35586546046,4120.508518008464,8099.807117529432,1947.475318761226,0.2,0.4,0.0,0.4,ok
behavior_141,160,19247.860974676023,3722.0232606179534,120.29913109172514,5783.850974928212,4542.655645897177,7999.8094987945005,1908.434612113901,0.4,0.1,0.0,0.5,ok
behavior_084,160,19248.696979814402,3794.5825682351633,120.30435612384001,5876.813067588894,4339.313444684728,7999.8094987945005,1902.7526318019761,0.2,0.2,0.1,0.5,ok
behavior_161,159,19137.502074437125,3808.969718916901,120.36164826690016,5419.599148128948,5106.86623393815,7949.810689427035,2198.340289704853,0.5,0.0,0.0,0.5,ok
behavior_123,159,19149.149393921667,3820.318388618813,120.43490184856394,5851.670930151727,4194.284746569571,7949.810689427035,2016.329214006062,0.3,0.3,0.0,0.4,ok
behavior_019,160,19279.721168958124,3823.859962535419,120.49825730598828,6135.227725818404,4114.171202889652,7999.8094987945005,1979.2934038192434,0.0,0.3,0.2,0.5,ok
behavior_062,162,19513.494695945647,3844.1939584302017,120.45367096262744,6085.003055742869,4116.807033996204,8099.807117529432,1947.475318761226,0.1,0.4,0.1,0.4,ok
behavior_101,162,19512.531884464413,3858.1432560635517,120.4477276818791,6067.61940038553,4107.513337898918,8099.807117529432,1969.5423567899638,0.2,0.5,0.0,0.3,ok
behavior_111,159,19123.737749659063,3941.289821212069,120.27508018653499,5788.5087447809565,4426.876417841875,7949.810689427035,1934.136974101778,0.3,0.1,0.1,0.5,ok
behavior_147,159,19123.555065773577,3970.844614822575,120.27393123128036,5813.414984722697,4359.11915646393,7949.810689427035,1934.136974101778,0.4,0.2,0.0,0.4,ok
behavior_026,141,17141.507483015805,4000.783948688383,121.57097505684968,8434.018182111075,3842.6502394701038,7049.8321208126545,2634.3935718445223,0.0,0.4,0.2,0.4,ok
behavior_049,158,19016.69730039507,4004.6160896922315,120.35884367338652,5878.1452932688135,4322.413178300331,7899.811880059569,1944.713097386736,0.1,0.2,0.2,0.5,ok
behavior_091,159,19148.305845089395,4029.5622654743865,120.4295965099962,5866.945773919761,4182.7146646027195,7949.810689427035,2015.9441059172848,0.2,0.3,0.1,0.4,ok
behavior_128,159,19148.305845089395,4037.9528297922006,120.4295965099962,5866.945773919761,4182.7146646027195,7949.810689427035,2015.9441059172848,0.3,0.4,0.0,0.3,ok
behavior_068,155,18632.184134743555,4056.046701190096,120.20763957899068,5974.158220086298,4085.2378682954727,7749.815451957173,2136.7679994600458,0.1,0.5,0.1,0.3,ok
behavior_135,159,19124.33404801309,4056.8703694538876,120.27883049064836,5722.392139716913,4662.70097398343,7949.810689427035,1945.8648892488375,0.4,0.0,0.1,0.5,ok
behavior_167,159,19137.5291691263,4099.015400479535,120.36181867375032,5430.971652205045,5041.934584950697,7949.810689427035,2198.340289704853,0.5,0.1,0.0,0.4,ok
behavior_033,139,16955.411671270518,4117.949709080068,121.98137893000373,8304.143507429304,3829.8456699622134,6949.834502077723,2710.1999122780594,0.0,0.5,0.2,0.3,ok
behavior_182,159,19127.85592450577,4129.6997844057005,120.300980657269,5395.653199454772,5237.163709690352,7949.810689427035,2230.7696618320933,0.6,0.0,0.0,0.4,ok
behavior_078,157,18892.280252012824,4152.805289332698,120.33299523575047,5794.578248150122,4356.857516765937,7849.813070692104,1976.4825477753152,0.2,0.1,0.2,0.5,ok
behavior_013,138,16855.428437150553,4175.836409407171,122.14078577645328,8150.234850575157,3920.420447526627,6899.835692710258,2643.6032241775324,0.0,0.2,0.3,0.5,ok
behavior_118,159,19123.555065773577,4184.48418529301,120.27393123128036,5813.414984722697,4359.11915646393,7949.810689427035,1934.136974101778,0.3,0.2,0.1,0.4,ok
behavior_152,159,19149.595584801194,4203.183322290482,120.43770808051066,5840.345948226951,4207.153929326277,7949.810689427035,2016.329214006062,0.4,0.3,0.0,0.3,ok
behavior_056,156,18773.222177984095,4227.321146331176,120.34116780759035,5915.965507536673,4131.2084847059705,7799.814261324638,2090.997994751971,0.1,0.3,0.2,0.4,ok
behavior_097,155,18615.53023878155,4239.126833460454,120.10019508891322,5909.187086874535,4090.0029015983678,7749.815451957173,2154.3557008349403,0.2,0.4,0.1,0.3,ok
behavior_132,158,19008.684583988015,4242.503521529518,120.30813027840516,5891.235129063131,4107.728330899008,7899.811880059569,2106.344086805378,0.3,0.5,0.0,0.2,ok
behavior_105,157,18892.6212604227,4273.818954316372,120.33516726383885,5718.716887634309,4634.269448663261,7849.813070692104,1976.4825477753152,0.3,0.0,0.2,0.5,ok
behavior_020,137,16731.07579009479,4300.21573611333,122.12464080361161,8058.395311808977,3892.600974356605,6849.836883342792,2693.710947008772,0.0,0.3,0.3,0.4,ok
behavior_142,157,18892.582336661355,4324.033353257645,120.33491934179207,5738.2967471856955,4531.40328204029,7849.813070692104,1976.4825477753152,0.4,0.1,0.1,0.4,ok
behavior_043,156,18762.35950963381,4355.023075578037,120.27153531816545,5824.952570062604,4335.4010995358485,7799.814261324638,1998.086860441595,0.1,0.1,0.3,0.5,ok
behavior_172,159,19123.58071319519,4358.591671318223,120.27409253581881,5809.293083817651,4368.520185894313,7949.810689427035,1934.136974101778,0.5,0.2,0.0,0.3,ok
behavior_162,157,18906.227260676376,4381.636858198753,120.4218296858368,5400.762411556373,5104.604594240157,7849.813070692104,2240.685863378391,0.5,0.0,0.1,0.4,ok
behavior_007,126,15459.606396666528,4383.472236505869,122.69528886243276,6984.869789469289,4380.883144172795,6299.849980300671,2850.8878599366335,0.0,0.1,0.4,0.5,ok
behavior_085,157,18891.834061133297,4390.533946065376,120.3301532556261,5805.903230074898,4343.988334009231,7849.813070692104,1976.4825477753152,0.2,0.2,0.2,0.4,ok
behavior_124,156,18792.747895737644,4408.409095270624,120.4663326649849,5810.113857656544,4176.088064112048,7799.814261324638,2108.5569753586133,0.3,0.3,0.1,0.3,ok
behavior_156,157,18898.54840915851,4412.011048476401,120.37291980355738,5807.3341439875085,4147.479499305026,7849.813070692104,2150.427955796934,0.4,0.4,0.0,0.2,ok
behavior_027,135,16529.210459619902,4415.707903240281,122.43859599718446,7918.824327975819,3887.9899774782857,6749.839264607861,2785.2004428886776,0.0,0.4,0.3,0.3,ok
behavior_187,159,19137.263064099112,4421.775020725848,120.36014505722711,5418.1003412637465,5108.435426018361,7949.810689427035,2200.237577885884,0.6,0.1,0.0,0.3,ok
behavior_063,155,18632.184134743555,4422.50445955627,120.20763957899068,5974.158220086298,4085.2378682954727,7749.815451957173,2136.7679994600458,0.1,0.4,0.2,0.3,ok
behavior_102,155,18615.8596091737,4432.436406920591,120.10232005918517,5910.310210466695,4087.7919520262653,7749.815451957173,2157.4842180920073,0.2,0.5,0.1,0.2,ok
behavior_197,159,19153.94223348826,4438.712353601307,120.46504549363685,5327.0220423115015,5354.839450792253,7949.810689427035,2365.9897466108396,0.7,0.0,0.0,0.3,ok
behavior_072,155,18646.201242061383,4485.311395904118,120.29807252942828,5735.954372524869,4637.718795923611,7749.815451957173,2026.3517716239808,0.2,0.0,0.3,0.5,ok
behavior_034,134,16419.150980095896,4524.882949037839,122.53097746340221,7817.681721711245,3904.1436322623335,6699.840455240395,2814.294981672741,0.0,0.5,0.3,0.2,ok
behavior_112,157,18892.46293589831,4533.918713525451,120.33415882737778,5769.672008208381,4424.614778143882,7849.813070692104,1976.4825477753152,0.3,0.1,0.2,0.4,ok
behavior_014,127,15578.838171618401,4534.9469869703835,122.66801709935748,7136.929249259781,4288.623172815601,6349.848789668136,2843.2070913500143,0.0,0.2,0.4,0.4,ok
behavior_148,156,18767.153567589557,4564.818506461051,120.30226645890743,5771.857912227514,4340.922474006408,7799.814261324638,2026.364735454329,0.4,0.2,0.1,0.3,ok
behavior_001,126,15455.592600324639,4575.064496351096,122.66343333590983,6993.753406562219,4384.585490097056,6299.849980300671,2850.2790124015146,0.0,0.0,0.5,0.5,ok
behavior_176,156,18793.764027047288,4575.935848230202,120.47284632722621,5793.332920460498,4165.930687230551,7799.814261324638,2147.450909153939,0.5,0.3,0.0,0.2,ok
behavior_216,180,21791.145097269342,4583.165030948962,121.0619172070519,4583.165030948962,5949.593554157586,8999.785686143812,5046.335290638589,1.0,0.0,0.0,0.0,ok
behavior_050,155,18644.57049393971,4586.346376735133,120.28755157380459,5838.415558733492,4335.867599302729,7749.815451957173,2025.9666635352035,0.1,0.2,0.3,0.4,ok
behavior_207,174,21169.722739630346,4595.163973354707,121.66507321626635,4667.075737400703,5904.877733782252,8699.792829939019,4307.516917170735,0.8,0.0,0.0,0.2,ok
behavior_159,155,18821.48587471825,4595.405831071054,121.42894112721453,5665.946778274903,4120.295886388821,7749.815451957173,2688.7917656668237,0.4,0.5,0.0,0.1,ok
behavior_092,155,18630.267567325067,4604.300227050437,120.19527462790366,5859.880572663382,4131.103650395868,7749.815451957173,2143.433090025211,0.2,0.3,0.2,0.3,ok
behavior_129,156,18792.47428733549,4611.97097919429,120.4645787649711,5819.9327461533085,4141.491422506993,7799.814261324638,2147.0658010651614,0.3,0.4,0.1,0.2,ok
behavior_213,177,21522.571472345207,4612.466927843245,121.59644899630061,4609.50847058038,5967.438290857675,8849.789258041415,4639.093043209043,0.9,0.0,0.0,0.1,ok
behavior_069,155,18615.8596091737,4616.386931069642,120.10232005918517,5910.310210466695,4087.7919520262653,7749.815451957173,2157.4842180920073,0.1,0.5,0.2,0.2,ok
behavior_136,157,18906.227260676376,4626.541924112329,120.4218296858368,5400.762411556373,5104.604594240157,7849.813070692104,2240.685863378391,0.4,0.0,0.2,0.4,ok
behavior_037,126,15474.956655013484,4637.922107886827,122.81711630963083,6923.322102309782,4425.141535546651,6299.849980300671,2851.2998110711565,0.1,0.0,0.4,0.5,ok
behavior_168,156,18781.25946531179,4664.4482690177765,120.39268888020378,5391.63454362963,5019.667718633793,7799.814261324638,2288.942664023721,0.5,0.1,0.1,0.3,ok
behavior_021,125,15366.860654111633,4677.793188363878,122.93488523289307,7032.1992549142515,4307.570804176622,6249.851170933205,2951.9382624586838,0.0,0.3,0.4,0.3,ok
behavior_191,155,18825.98066005002,4690.325303814997,121.45793974225819,5334.4771641194375,4723.099371369376,7749.815451957173,2725.0956553472906,0.6,0.2,0.0,0.2,ok
behavior_183,156,18771.825231029266,4690.512789170181,120.33221301941838,5357.814897744558,5213.327651293237,7799.814261324638,2319.4747479699304,0.6,0.0,0.1,0.3,ok
behavior_201,172,20945.005619022402,4713.920018495793,121.77328848268839,4696.000292407821,5804.597040013501,8599.795211204088,4231.300549044827,0.7,0.1,0.0,0.2,ok
behavior_215,180,21800.25067399084,4719.447437774268,121.11250374439355,4586.705700911442,5914.123069539699,8999.785686143812,5044.302291926709,0.9,0.1,0.0,0.0,ok
behavior_008,126,15459.606396666528,4728.368448542273,122.69528886243276,6984.869789469289,4380.883144172795,6299.849980300671,2850.8878599366335,0.0,0.1,0.5,0.4,ok
behavior_079,155,18645.860233651507,4733.879177247516,120.29587247517101,5811.815733040681,4360.306864026287,7749.815451957173,2026.3517716239808,0.2,0.1,0.3,0.4,ok
behavior_210,173,21058.246065768337,4742.446607468397,121.72396569808288,4639.613196158072,5836.716900756192,8649.794020571553,4470.843604663222,0.8,0.1,0.0,0.1,ok
behavior_179,155,18821.93206559778,4749.456102399954,121.43181977805018,5654.621796350128,4133.165069145526,7749.815451957173,2688.7917656668237,0.5,0.4,0.0,0.1,ok
behavior_057,126,15458.38652767543,4754.628179608949,122.6856073625034,7004.069387826805,4352.539252308778,6299.849980300671,2861.681570144772,0.1,0.3,0.3,0.3,ok
behavior_119,155,18637.73434870361,4766.833511957507,120.24344741099102,5783.497128136095,4336.575181312127,7749.815451957173,2048.354156209386,0.3,0.2,0.2,0.3,ok
behavior_153,156,18793.31723006384,4776.515813100433,120.46998224399897,5794.052410656836,4175.962066759207,7799.814261324638,2130.6240133873507,0.4,0.3,0.1,0.2,ok
behavior_044,126,15473.79338926398,4794.847847999874,122.80788404177761,6942.004035442282,4404.038686013579,6299.849980300671,2850.758959335043,0.1,0.1,0.4,0.4,ok
behavior_098,155,18615.8596091737,4798.638756913681,120.10232005918517,5910.310210466695,4087.7919520262653,7749.815451957173,2157.4842180920073,0.2,0.4,0.2,0.2,ok
behavior_133,155,18805.45820035902,4801.43428796953,121.3255367765098,5731.24762645043,4077.6564351531256,7749.815451957173,2682.502372621187,0.3,0.5,0.1,0.1,ok
behavior_028,134,16419.150980095896,4804.452631335644,122.53097746340221,7817.681721711245,3904.1436322623335,6699.840455240395,2814.294981672741,0.0,0.4,0.4,0.2,ok
behavior_212,180,21806.97204847868,4845.976902716219,121.14984471377045,4610.895869796927,5786.301034393381,8999.785686143812,5057.5889248887925,0.8,0.2,0.0,0.0,ok
behavior_204,173,21060.174719756134,4852.3016856931845,121.73511398702968,4675.711253237662,5635.308843368412,8649.794020571553,4522.4203975313785,0.7,0.2,0.0,0.1,ok
behavior_106,155,18646.201242061383,4856.271655994209,120.29807252942828,5735.954372524869,4637.718795923611,7749.815451957173,2026.3517716239808,0.3,0.0,0.3,0.4,ok
behavior_194,154,18732.018483357628,4864.6580926712095,121.63648365816641,5328.0213819416085,4556.251560008267,7699.816642589707,3009.697955037648,0.6,0.3,0.0,0.1,ok
behavior_015,125,15366.860654111633,4872.021225039534,122.93488523289307,7032.1992549142515,4307.570804176622,6249.851170933205,2951.9382624586838,0.0,0.2,0.5,0.3,ok
behavior_181,154,18718.801487145232,4881.809916931252,121.55065900743658,5638.392800045043,4125.227033817467,7699.816642589707,2845.986177660722,0.5,0.5,0.0,0.0,ok
behavior_064,125,15366.9837975583,4890.332939988212,122.9358703804664,7027.46278983932,4294.575624067075,6249.851170933205,2974.0053004874217,0.1,0.4,0.3,0.2,ok
behavior_143,156,18781.193446861264,4904.755731213845,120.3922656850081,5399.841899104919,4981.733200998274,7799.814261324638,2288.942664023721,0.4,0.1,0.2,0.3,ok
behavior_035,134,16419.150980095896,4913.437496394604,122.53097746340221,7817.681721711245,3904.1436322623335,6699.840455240395,2814.294981672741,0.0,0.5,0.4,0.1,ok
behavior_002,126,15455.592600324639,4920.021593141003,122.66343333590983,6993.753406562219,4384.585490097056,6299.849980300671,2850.2790124015146,0.0,0.0,0.6,0.4,ok
behavior_173,156,18807.05502468702,4926.226169468492,120.558045030045,5478.317898498669,4642.227028476719,7799.814261324638,2393.201941956743,0.5,0.2,0.1,0.2,ok
behavior_163,156,18771.825231029266,4934.71272552819,120.33221301941838,5357.814897744558,5213.327651293237,7799.814261324638,2319.4747479699304,0.5,0.0,0.2,0.3,ok
behavior_206,174,21156.087568749623,4948.383446116484,121.58671016522771,4697.343070543499,5534.144322453434,8699.792829939019,4835.8577651803125,0.7,0.3,0.0,0.0,ok
behavior_051,126,15458.38652767543,4949.359252408141,122.6856073625034,7004.069387826805,4352.539252308778,6299.849980300671,2861.681570144772,0.1,0.2,0.4,0.3,ok
behavior_157,154,18719.01889005585,4958.090723018079,121.55207071464838,5636.85778666004,4129.527459268172,7699.816642589707,2815.5496038782467,0.4,0.4,0.1,0.1,ok
behavior_086,155,18663.3286768517,4962.807323417835,120.40857210872063,5821.753073565124,4171.740771417767,7749.815451957173,2130.54639611367,0.2,0.2,0.3,0.3,ok
behavior_198,160,19447.41321298979,4969.9455825197,121.54633258118619,5115.306635950058,5590.997092548638,7999.8094987945005,2946.249937376062,0.7,0.0,0.1,0.2,ok
behavior_125,155,18663.3286768517,4974.120523109036,120.40857210872063,5821.753073565124,4171.740771417767,7749.815451957173,2130.54639611367,0.3,0.3,0.2,0.2,ok
behavior_188,156,18781.232370622613,4974.387119431455,120.3925151962988,5380.262039553533,5084.599367621246,7799.814261324638,2288.942664023721,0.6,0.1,0.1,0.2,ok
behavior_038,126,15474.956655013484,4982.777124809782,122.81711630963083,6923.322102309782,4425.141535546651,6299.849980300671,2851.2998110711565,0.1,0.0,0.5,0.4,ok
behavior_103,155,18616.181463787267,4991.534873584185,120.10439654056302,5910.589782086189,4087.0022795458667,7749.815451957173,2159.526870025796,0.2,0.5,0.2,0.1,ok
behavior_022,125,15366.860654111633,5007.584479211329,122.93488523289307,7032.1992549142515,4307.570804176622,6249.851170933205,2951.9382624586838,0.0,0.3,0.5,0.2,ok
behavior_196,153,18601.665759648495,5015.702381646822,121.5795147689444,5319.274973763743,4560.343493471443,7649.8178332222415,3154.7766179925225,0.6,0.4,0.0,0.0,ok
behavior_214,176,21390.337861945798,5019.440702765204,121.53601057923748,4599.401842108677,5984.435141355682,8799.79044867395,4796.059241513477,0.9,0.0,0.1,0.0,ok
behavior_070,125,15366.9837975583,5022.3899723461745,122.9358703804664,7027.46278983932,4294.575624067075,6249.851170933205,2974.0053004874217,0.1,0.5,0.3,0.1,ok
behavior_208,173,21058.807050946743,5023.423355497246,121.72720838697539,4639.81432382833,5853.82873049188,8649.794020571553,4465.924943774246,0.8,0.0,0.1,0.1,ok
behavior_073,126,15474.956655013484,5045.124337010692,122.81711630963083,6923.322102309782,4425.141535546651,6299.849980300671,2851.2998110711565,0.2,0.0,0.4,0.4,ok
behavior_009,125,15366.860654111633,5066.249261715198,122.93488523289307,7032.1992549142515,4307.570804176622,6249.851170933205,2951.9382624586838,0.0,0.1,0.6,0.3,ok
behavior_160,153,18588.54655792797,5084.53785532743,121.4937683524704,5625.671736552419,4138.574754768484,7649.8178332222415,2953.1001224625084,0.4,0.5,0.1,0.0,ok
behavior_058,125,15366.860654111633,5085.819287609434,122.93488523289307,7032.1992549142515,4307.570804176622,6249.851170933205,2951.9382624586838,0.1,0.3,0.4,0.2,ok
behavior_177,154,18732.018483357628,5101.837618736024,121.63648365816641,5328.0213819416085,4556.251560008267,7699.816642589707,3009.697955037648,0.5,0.3,0.1,0.1,ok
behavior_113,155,18637.917032589095,5107.461393177285,120.24462601670385,5758.590888194353,4404.332442690072,7749.815451957173,2048.354156209386,0.3,0.1,0.3,0.3,ok
behavior_149,155,18663.774867731223,5137.165597105206,120.41145075955627,5810.428091640349,4184.6099541744725,7749.815451957173,2130.54639611367,0.4,0.2,0.2,0.2,ok
behavior_202,171,20832.295598194316,5139.678989055614,121.82629004791998,4666.048471530218,5803.437318048932,8549.796401836622,4381.216869959033,0.7,0.1,0.1,0.1,ok
behavior_045,126,15473.967405051211,5139.738021669559,122.80926511945405,6939.488029847616,4405.210083073128,6299.849980300671,2851.1440674238206,0.1,0.1,0.5,0.3,ok
behavior_029,125,15366.9837975583,5140.156365142174,122.9358703804664,7027.46278983932,4294.575624067075,6249.851170933205,2974.0053004874217,0.0,0.4,0.5,0.1,ok
behavior_211,172,20927.8933420592,5148.753834926516,121.67379850034419,4630.866787980207,5840.808834219369,8599.795211204088,4615.922267618096,0.8,0.1,0.1,0.0,ok
behavior_093,125,15380.501257110713,5161.401550354432,123.0440100568857,6997.355873985683,4307.332481000556,6249.851170933205,2973.8763998858312,0.2,0.3,0.3,0.2,ok
behavior_130,153,18588.51337047222,5163.164291605002,121.4935514409949,5666.0686694818305,4131.5606267537205,7649.8178332222415,2807.558734145176,0.3,0.4,0.2,0.1,ok
behavior_137,155,18651.813151736664,5174.9847632056335,120.33427839830105,5391.901255462114,5080.252074926964,7749.815451957173,2310.932084778778,0.4,0.0,0.3,0.3,ok
behavior_192,154,18731.363125564676,5178.444139831995,121.63222808808231,5309.018421869696,4597.783954224229,7699.816642589707,3034.946316063654,0.6,0.2,0.1,0.1,ok
behavior_016,125,15366.860654111633,5201.81251588699,122.93488523289307,7032.1992549142515,4307.570804176622,6249.851170933205,2951.9382624586838,0.0,0.2,0.6,0.2,ok
behavior_080,126,15475.024899495758,5202.495860549652,122.81765793250602,6923.759115016764,4424.141021046825,6299.849980300671,2851.2998110711565,0.2,0.1,0.4,0.3,ok
behavior_169,155,18651.84024642584,5215.318429710251,120.33445320274735,5403.2737595382105,5015.320425939512,7749.815451957173,2310.932084778778,0.5,0.1,0.2,0.2,ok
behavior_065,125,15366.9837975583,5217.917527032789,122.9358703804664,7027.46278983932,4294.575624067075,6249.851170933205,2974.0053004874217,0.1,0.4,0.4,0.1,ok
behavior_180,153,18588.992748807494,5232.732735646119,121.49668463272872,5614.346754627643,4151.4439375251895,7649.8178332222415,2953.1001224625084,0.5,0.4,0.1,0.0,ok
behavior_184,155,18804.459139343788,5233.424814526106,121.31909122157282,5271.256053320843,5244.531144165046,7749.815451957173,2603.5404607108176,0.6,0.0,0.2,0.2,ok
behavior_205,172,20929.821996047,5254.735068028586,121.68501160492443,4666.964845059797,5639.400776831589,8599.795211204088,4667.499060486253,0.7,0.2,0.1,0.0,ok
behavior_003,124,15264.663450311342,5254.832711515033,123.10212459928502,6904.357430321512,4589.100505379741,6199.85236156574,3049.786861396694,0.0,0.0,0.7,0.3,ok
behavior_036,125,15366.052433940888,5269.614863648255,122.9284194715271,7087.5887912808785,4289.378556363299,6249.851170933205,3136.0011462496786,0.0,0.5,0.5,0.0,ok
behavior_052,125,15380.378113664046,5279.562223966107,123.04302490931236,7002.092339060614,4320.327661110103,6249.851170933205,2951.8093618570933,0.1,0.2,0.5,0.2,ok
behavior_134,153,18587.7030090957,5285.749877141404,121.48825496140981,5640.946580320454,4127.004672801632,7649.8178332222415,2952.715014373731,0.3,0.5,0.2,0.0,ok
behavior_099,125,15380.501257110713,5294.747158465905,123.0440100568857,6997.355873985683,4307.332481000556,6249.851170933205,2973.8763998858312,0.2,0.4,0.3,0.1,ok
behavior_039,122,15049.215930329494,5311.908853023248,123.354228937127,6646.050813878315,4810.876356679287,6099.854742830808,3291.303086456428,0.1,0.0,0.6,0.3,ok
behavior_154,153,18575.66707001822,5312.793369622068,121.40958869292953,5657.586210446468,4192.490660543855,7649.8178332222415,2620.481206358742,0.4,0.3,0.2,0.1,ok
behavior_195,153,18601.665759648495,5324.649815621902,121.5795147689444,5319.274973763743,4560.343493471443,7649.8178332222415,3154.7766179925225,0.6,0.3,0.1,0.0,ok
behavior_120,155,18663.774867731223,5331.104333136887,120.41145075955627,5810.428091640349,4184.6099541744725,7749.815451957173,2130.54639611367,0.3,0.2,0.3,0.2,ok
behavior_023,125,15366.9837975583,5335.683919828792,122.9358703804664,7027.46278983932,4294.575624067075,6249.851170933205,2974.0053004874217,0.0,0.3,0.6,0.1,ok
behavior_071,125,15366.9837975583,5349.974559390754,122.9358703804664,7027.46278983932,4294.575624067075,6249.851170933205,2974.0053004874217,0.1,0.5,0.4,0.0,ok
behavior_087,125,15377.431934390803,5351.1990253380945,123.01945547512642,6890.905088552265,4363.290378180918,6249.851170933205,3002.097318090867,0.2,0.2,0.4,0.2,ok
behavior_074,122,15059.173938118089,5360.9702733168715,123.43585195178761,6524.549354625684,4961.430483190697,6099.854742830808,3353.7767699210904,0.2,0.0,0.5,0.3,ok
behavior_010,125,15366.860654111633,5396.0405525626475,122.93488523289307,7032.1992549142515,4307.570804176622,6249.851170933205,2951.9382624586838,0.0,0.1,0.7,0.2,ok
behavior_107,122,15059.023062481858,5403.187478927195,123.43461526624473,6517.0981968263595,4972.835539096276,6099.854742830808,3360.3870758231947,0.3,0.0,0.4,0.3,ok
behavior_199,169,20587.86840607184,5408.107443427229,121.82170654480379,4672.072013789962,5826.587302659505,8449.79878310169,4476.972771539152,0.7,0.0,0.2,0.1,ok
behavior_059,125,15366.9837975583,5413.445081719403,122.9358703804664,7027.46278983932,4294.575624067075,6249.851170933205,2974.0053004874217,0.1,0.3,0.5,0.1,ok
behavior_174,153,18602.476121025014,5416.104021368114,121.5848112485295,5344.39706292512,4564.8994474235315,7649.8178332222415,3009.6203377639677,0.5,0.2,0.2,0.1,ok
behavior_104,133,16249.091870338081,5417.209465988922,122.17362308524874,6693.610937190561,4167.069569577856,6649.84164587293,3394.6365571163215,0.2,0.5,0.3,0.0,ok
behavior_209,171,20815.157638859127,5418.756429848478,121.72606806350367,4635.996436851437,5863.556150911219,8549.796401836622,4784.029809769546,0.8,0.0,0.2,0.0,ok
behavior_158,153,18588.54655792797,5435.662163172812,121.4937683524704,5625.671736552419,4138.574754768484,7649.8178332222415,2953.1001224625084,0.4,0.4,0.2,0.0,ok
behavior_144,155,18651.77422797532,5449.4620893787105,120.33402727726012,5411.4811150135,4977.385908303992,7749.815451957173,2310.932084778778,0.4,0.1,0.3,0.2,ok
behavior_046,122,15049.092959113805,5463.8603814794415,123.35322097634266,6649.725179279624,4807.144005617045,6099.854742830808,3291.303086456428,0.1,0.1,0.6,0.2,ok
behavior_030,125,15366.052433940888,5465.662125105253,122.9284194715271,7087.5887912808785,4289.378556363299,6249.851170933205,3136.0011462496786,0.0,0.4,0.6,0.0,ok
behavior_164,154,18676.908979407992,5476.437531068362,121.27862973641552,5289.5751713010095,5209.829634610175,7699.816642589707,2608.5247632047185,0.5,0.0,0.3,0.2,ok
behavior_189,153,18566.3145227953,5476.943099565469,121.3484609333026,5230.798404695196,5164.968630048336,7649.8178332222415,2920.0362709906494,0.6,0.1,0.2,0.1,ok
behavior_094,125,15376.923130795209,5486.651878496405,123.01538504636167,6904.185599585253,4351.369107567639,6249.851170933205,3004.635579357809,0.2,0.3,0.4,0.1,ok
behavior_126,153,18575.220879138695,5511.553271650063,121.40667241267121,5668.9111923712435,4179.621477787148,7649.8178332222415,2620.481206358742,0.3,0.3,0.3,0.1,ok
behavior_081,122,15049.215930329494,5518.485787150285,123.354228937127,6646.050813878315,4810.876356679287,6099.854742830808,3291.303086456428,0.2,0.1,0.5,0.2,ok
behavior_017,125,15366.9837975583,5531.211474515405,122.9358703804664,7027.46278983932,4294.575624067075,6249.851170933205,2974.0053004874217,0.0,0.2,0.7,0.1,ok
behavior_203,169,20588.857464614834,5536.152721323301,121.82755896221795,4661.460475751357,5831.706316770046,8449.79878310169,4699.993312368329,0.7,0.1,0.2,0.0,ok
behavior_004,122,15044.689667713754,5538.048422169226,123.31712842388323,6659.2753864231345,4810.21010238611,6099.854742830808,3290.8231395228995,0.0,0.0,0.8,0.2,ok
behavior_066,125,15366.9837975583,5545.502114077365,122.9358703804664,7027.46278983932,4294.575624067075,6249.851170933205,2974.0053004874217,0.1,0.4,0.5,0.0,ok
behavior_178,153,18601.665759648495,5557.704101567754,121.5795147689444,5319.274973763743,4560.343493471443,7649.8178332222415,3154.7766179925225,0.5,0.3,0.2,0.0,ok
behavior_114,122,15059.173938118089,5564.205105823323,123.43585195178761,6524.549354625684,4961.430483190697,6099.854742830808,3353.7767699210904,0.3,0.1,0.4,0.2,ok
behavior_040,122,15059.242233297784,5592.56450314201,123.4364117483425,6573.334604855699,4916.389142584416,6099.854742830808,3326.6636133743245,0.1,0.0,0.7,0.2,ok
behavior_053,125,15380.501257110713,5608.5004261471895,123.0440100568857,6997.355873985683,4307.332481000556,6249.851170933205,2973.8763998858312,0.1,0.2,0.6,0.1,ok
behavior_100,125,15376.764737095882,5614.261834790147,123.01411789676706,6878.582398213481,4346.512216935414,6249.851170933205,3143.6386878182857,0.2,0.4,0.4,0.0,ok
behavior_193,162,19753.18510086956,5624.265270941657,121.93324136339234,4883.598345845346,5370.724199642806,8099.807117529432,4122.195942714397,0.6,0.2,0.2,0.0,ok
behavior_131,149,18156.834366639483,5629.824194332071,121.85794876939251,5757.544002699097,4169.035536991555,7449.822595752379,3340.2021005721467,0.3,0.4,0.3,0.0,ok
behavior_075,122,15059.023062481858,5635.409900228398,123.43461526624473,6517.0981968263595,4972.835539096276,6099.854742830808,3360.3870758231947,0.2,0.0,0.6,0.2,ok
behavior_150,153,18602.476121025014,5646.646098397827,121.5848112485295,5344.39706292512,4564.8994474235315,7649.8178332222415,3009.6203377639677,0.4,0.2,0.3,0.1,ok
behavior_024,125,15366.052433940888,5661.709386562241,122.9284194715271,7087.5887912808785,4289.378556363299,6249.851170933205,3136.0011462496786,0.0,0.3,0.7,0.0,ok
behavior_088,122,15049.216102560471,5669.091891806363,123.35423034885632,6644.988714204693,4794.148825507498,6099.854742830808,3313.370124485166,0.2,0.2,0.5,0.1,ok
behavior_108,122,15058.845702893417,5676.772704922164,123.43316149912637,6508.223686044225,4987.839930311636,6099.854742830808,3371.8911384674366,0.3,0.0,0.5,0.2,ok
behavior_011,122,15049.092959113805,5689.728503472003,123.35322097634266,6649.725179279624,4807.144005617045,6099.854742830808,3291.303086456428,0.0,0.1,0.8,0.1,ok
behavior_138,154,18530.061216357364,5714.39937290878,120.32507283348937,5341.571770553256,5196.836349847101,7699.816642589707,2489.220038257945,0.4,0.0,0.4,0.2,ok
behavior_170,153,18584.120347049062,5715.215593962387,121.4648388696017,5306.704072241635,4771.974835799838,7649.8178332222415,2897.207242949077,0.5,0.1,0.3,0.1,ok
behavior_121,122,15059.462944505396,5722.877928553378,123.4382208566016,6534.439662186064,4927.688523939539,6099.854742830808,3370.664279773257,0.3,0.2,0.4,0.1,ok
behavior_185,153,18565.533147674138,5724.012754897177,121.34335390636691,5224.540439132653,5208.755755186822,7649.8178332222415,2943.4314145090966,0.6,0.0,0.3,0.1,ok
behavior_060,125,15360.609260931105,5739.635834336621,122.88487408744885,6935.122394620565,4320.709641048787,6249.851170933205,3171.6534606948835,0.1,0.3,0.6,0.0,ok
behavior_047,122,15049.092959113805,5744.715547116881,123.35322097634266,6649.725179279624,4807.144005617045,6099.854742830808,3291.303086456428,0.1,0.1,0.7,0.1,ok
behavior_155,149,18151.808772827942,5780.795922954023,121.82421995186539,5695.706111715139,4225.22233180751,7449.822595752379,3376.611444740945,0.4,0.3,0.3,0.0,ok
behavior_200,168,20474.247176200995,5793.1569499100815,121.8705189059583,4676.024225414011,5832.417068912077,8399.799973734225,4662.536204434936,0.7,0.0,0.3,0.0,ok
behavior_082,122,15059.297081564755,5796.30333471174,123.43686132430128,6519.8128895507525,4948.43530308115,6099.854742830808,3375.8438079498283,0.2,0.1,0.6,0.1,ok
behavior_095,125,15375.045255304049,5804.520626641451,123.00036204243239,6869.121834517648,4352.568914237697,6249.851170933205,3143.6386878182857,0.2,0.3,0.5,0.0,ok
behavior_005,122,15044.689667713754,5818.951582500031,123.31712842388323,6659.2753864231345,4810.21010238611,6099.854742830808,3290.8231395228995,0.0,0.0,0.9,0.1,ok
behavior_018,122,15048.284738943059,5837.674145825396,123.34659622084475,6705.114715646251,4788.951757803722,6099.854742830808,3475.365970247423,0.0,0.2,0.8,0.0,ok
behavior_115,122,15058.968846340083,5837.853830376022,123.43417087164003,6503.487220969294,4974.844750202089,6099.854742830808,3393.9581764961745,0.3,0.1,0.5,0.1,ok
behavior_175,152,18487.95088332237,5860.154368834419,121.63125581133139,5305.688896704197,4636.821066629405,7599.819023854776,3343.8634798930752,0.5,0.2,0.3,0.0,ok
behavior_127,125,15375.888804136319,5865.336264459535,123.00711043309055,6853.846990749613,4364.138996204549,6249.851170933205,3144.0237959070632,0.3,0.3,0.4,0.0,ok
behavior_041,122,15059.023062481858,5867.632321529609,123.43461526624473,6517.0981968263595,4972.835539096276,6099.854742830808,3360.3870758231947,0.1,0.0,0.8,0.1,ok
behavior_145,122,15058.536438374054,5877.532946648891,123.43062654404963,6488.556773290763,4999.357786421458,6099.854742830808,3422.32561558112,0.4,0.1,0.4,0.1,ok
behavior_190,161,19626.263000247804,5882.8680327501725,121.90225465992424,4860.778963964581,5514.581619228281,8049.808308161966,4281.369122391127,0.6,0.1,0.3,0.0,ok
behavior_054,122,15049.216102560471,5893.22695650354,123.35423034885632,6644.988714204693,4794.148825507498,6099.854742830808,3313.370124485166,0.1,0.2,0.7,0.0,ok
behavior_076,122,15058.413294927386,5908.58282540995,123.42961717153595,6493.293238365694,5012.352966531004,6099.854742830808,3400.258577552382,0.2,0.0,0.7,0.1,ok
behavior_089,122,15049.216102560471,5947.740353640929,123.35423034885632,6644.988714204693,4794.148825507498,6099.854742830808,3313.370124485166,0.2,0.2,0.6,0.0,ok
behavior_109,122,15057.880717945818,5947.760871946162,123.42525178644114,6485.971377642942,5041.613377468037,6099.854742830808,3420.566129547894,0.3,0.0,0.6,0.1,ok
behavior_165,153,18566.018967558295,5965.3514790610425,121.34652919972741,5248.686218717107,5213.5059884353195,7649.8178332222415,2810.8123641358998,0.5,0.0,0.4,0.1,ok
behavior_012,122,15048.284738943059,5968.764444328106,123.34659622084475,6705.114715646251,4788.951757803722,6099.854742830808,3475.365970247423,0.0,0.1,0.9,0.0,ok
behavior_139,122,15057.880717945818,5986.372535427379,123.42525178644114,6485.971377642942,5041.613377468037,6099.854742830808,3420.566129547894,0.4,0.0,0.5,0.1,ok
behavior_122,122,15070.176815134328,5987.828720313731,123.52603946831417,6476.797248621529,4974.31087155932,6099.854742830808,3586.300499101393,0.3,0.2,0.5,0.0,ok
behavior_048,122,15049.216102560471,6023.7975482358725,123.35423034885632,6644.988714204693,4794.148825507498,6099.854742830808,3313.370124485166,0.1,0.1,0.8,0.0,ok
behavior_151,122,15070.176815134328,6025.522970892804,123.52603946831417,6476.797248621529,4974.31087155932,6099.854742830808,3586.300499101393,0.4,0.2,0.4,0.0,ok
behavior_083,122,15070.176815134328,6062.688856861808,123.52603946831417,6476.797248621529,4974.31087155932,6099.854742830808,3586.300499101393,0.2,0.1,0.7,0.0,ok
behavior_006,122,15044.81281116042,6099.854742830808,123.31813779639688,6654.538921348203,4797.214922276563,6099.854742830808,3312.8901775516374,0.0,0.0,1.0,0.0,ok
behavior_116,122,15070.706603550627,6100.278745140188,123.5303819963166,6475.405541388627,4977.442370251093,6099.854742830808,3598.1258279303825,0.3,0.1,0.6,0.0,ok
behavior_186,158,19303.279847593876,6118.3120613007,122.17265726325238,4930.645515461446,5607.9370411739055,7899.811880059569,4565.131358015517,0.6,0.0,0.4,0.0,ok
behavior_171,149,18167.80210904403,6126.776515737102,121.931557778819,5316.724740980243,4884.851069460235,7449.822595752379,3855.569566290368,0.5,0.1,0.4,0.0,ok
behavior_042,122,15057.02761589647,6137.309111220973,123.41825914669238,6474.3984267323995,5047.229069440152,6099.854742830808,3485.30662563039,0.1,0.0,0.9,0.0,ok
behavior_146,122,15070.706603550627,6137.833824995968,123.5303819963166,6475.405541388627,4977.442370251093,6099.854742830808,3598.1258279303825,0.4,0.1,0.5,0.0,ok
behavior_077,122,15057.02761589647,6174.763479611133,123.41825914669238,6474.3984267323995,5047.229069440152,6099.854742830808,3485.30662563039,0.2,0.0,0.8,0.0,ok
behavior_110,122,15057.02761589647,6212.217848001295,123.41825914669238,6474.3984267323995,5047.229069440152,6099.854742830808,3485.30662563039,0.3,0.0,0.7,0.0,ok
behavior_140,122,15057.02761589647,6249.67221639145,123.41825914669238,6474.3984267323995,5047.229069440152,6099.854742830808,3485.30662563039,0.4,0.0,0.6,0.0,ok
behavior_166,122,15057.02761589647,6287.12658478161,123.41825914669238,6474.3984267323995,5047.229069440152,6099.854742830808,3485.30662563039,0.5,0.0,0.5,0.0,ok
