behavior,a_wind,b_crosswind,c_distance,d_food,status,error_type,error_message
behavior_001,0.0,0.0,0.5,0.5,failed,NodeNotFound,Target 831951fffffffff is not in G
behavior_002,0.0,0.0,0.6,0.4,failed,NodeNotFound,Target 831951fffffffff is not in G
behavior_003,0.0,0.0,0.7,0.3,failed,NodeNotFound,Target 831951fffffffff is not in G
behavior_004,0.0,0.0,0.8,0.2,failed,NodeNotFound,Target 831951fffffffff is not in G
behavior_005,0.0,0.0,0.9,0.1,failed,NodeNotFound,Target 831951fffffffff is not in G
behavior_006,0.0,0.0,1.0,0.0,failed,NodeNotFound,Target 831951fffffffff is not in G
behavior_007,0.0,0.1,0.4,0.5,failed,NodeNotFound,Target 831951fffffffff is not in G
behavior_008,0.0,0.1,0.5,0.4,failed,NodeNotFound,Target 831951fffffffff is not in G
behavior_009,0.0,0.1,0.6,0.3,failed,NodeNotFound,Target 831951fffffffff is not in G
behavior_010,0.0,0.1,0.7,0.2,failed,NodeNotFound,Target 831951fffffffff is not in G
behavior_011,0.0,0.1,0.8,0.1,failed,NodeNotFound,Target 831951fffffffff is not in G
behavior_012,0.0,0.1,0.9,0.0,failed,NodeNotFound,Target 831951fffffffff is not in G
behavior_013,0.0,0.2,0.3,0.5,failed,NodeNotFound,Target 831951fffffffff is not in G
behavior_014,0.0,0.2,0.4,0.4,failed,NodeNotFound,Target 831951fffffffff is not in G
behavior_015,0.0,0.2,0.5,0.3,failed,NodeNotFound,Target 831951fffffffff is not in G
behavior_016,0.0,0.2,0.6,0.2,failed,NodeNotFound,Target 831951fffffffff is not in G
behavior_017,0.0,0.2,0.7,0.1,failed,NodeNotFound,Target 831951fffffffff is not in G
behavior_018,0.0,0.2,0.8,0.0,failed,NodeNotFound,Target 831951fffffffff is not in G
behavior_019,0.0,0.3,0.2,0.5,failed,NodeNotFound,Target 831951fffffffff is not in G
behavior_020,0.0,0.3,0.3,0.4,failed,NodeNotFound,Target 831951fffffffff is not in G
behavior_021,0.0,0.3,0.4,0.3,failed,NodeNotFound,Target 831951fffffffff is not in G
behavior_022,0.0,0.3,0.5,0.2,failed,NodeNotFound,Target 831951fffffffff is not in G
behavior_023,0.0,0.3,0.6,0.1,failed,NodeNotFound,Target 831951fffffffff is not in G
behavior_024,0.0,0.3,0.7,0.0,failed,NodeNotFound,Target 831951fffffffff is not in G
behavior_025,0.0,0.4,0.1,0.5,failed,NodeNotFound,Target 831951fffffffff is not in G
behavior_026,0.0,0.4,0.2,0.4,failed,NodeNotFound,Target 831951fffffffff is not in G
behavior_027,0.0,0.4,0.3,0.3,failed,NodeNotFound,Target 831951fffffffff is not in G
behavior_028,0.0,0.4,0.4,0.2,failed,NodeNotFound,Target 831951fffffffff is not in G
behavior_029,0.0,0.4,0.5,0.1,failed,NodeNotFound,Target 831951fffffffff is not in G
behavior_030,0.0,0.4,0.6,0.0,failed,NodeNotFound,Target 831951fffffffff is not in G
behavior_031,0.0,0.5,0.0,0.5,failed,NodeNotFound,Target 831951fffffffff is not in G
behavior_032,0.0,0.5,0.1,0.4,failed,NodeNotFound,Target 831951fffffffff is not in G
behavior_033,0.0,0.5,0.2,0.3,failed,NodeNotFound,Target 831951fffffffff is not in G
behavior_034,0.0,0.5,0.3,0.2,failed,NodeNotFound,Target 831951fffffffff is not in G
behavior_035,0.0,0.5,0.4,0.1,failed,NodeNotFound,Target 831951fffffffff is not in G
behavior_036,0.0,0.5,0.5,0.0,failed,NodeNotFound,Target 831951fffffffff is not in G
behavior_037,0.1,0.0,0.4,0.5,failed,NodeNotFound,Target 831951fffffffff is not in G
behavior_038,0.1,0.0,0.5,0.4,failed,NodeNotFound,Target 831951fffffffff is not in G
behavior_039,0.1,0.0,0.6,0.3,failed,NodeNotFound,Target 831951fffffffff is not in G
behavior_040,0.1,0.0,0.7,0.2,failed,NodeNotFound,Target 831951fffffffff is not in G
behavior_041,0.1,0.0,0.8,0.1,failed,NodeNotFound,Target 831951fffffffff is not in G
behavior_042,0.1,0.0,0.9,0.0,failed,NodeNotFound,Target 831951fffffffff is not in G
behavior_043,0.1,0.1,0.3,0.5,failed,NodeNotFound,Target 831951fffffffff is not in G
behavior_044,0.1,0.1,0.4,0.4,failed,NodeNotFound,Target 831951fffffffff is not in G
behavior_045,0.1,0.1,0.5,0.3,failed,NodeNotFound,Target 831951fffffffff is not in G
behavior_046,0.1,0.1,0.6,0.2,failed,NodeNotFound,Target 831951fffffffff is not in G
behavior_047,0.1,0.1,0.7,0.1,failed,NodeNotFound,Target 831951fffffffff is not in G
behavior_048,0.1,0.1,0.8,0.0,failed,NodeNotFound,Target 831951fffffffff is not in G
behavior_049,0.1,0.2,0.2,0.5,failed,NodeNotFound,Target 831951fffffffff is not in G
behavior_050,0.1,0.2,0.3,0.4,failed,NodeNotFound,Target 831951fffffffff is not in G
behavior_051,0.1,0.2,0.4,0.3,failed,NodeNotFound,Target 831951fffffffff is not in G
behavior_052,0.1,0.2,0.5,0.2,failed,NodeNotFound,Target 831951fffffffff is not in G
behavior_053,0.1,0.2,0.6,0.1,failed,NodeNotFound,Target 831951fffffffff is not in G
behavior_054,0.1,0.2,0.7,0.0,failed,NodeNotFound,Target 831951fffffffff is not in G
behavior_055,0.1,0.3,0.1,0.5,failed,NodeNotFound,Target 831951fffffffff is not in G
behavior_056,0.1,0.3,0.2,0.4,failed,NodeNotFound,Target 831951fffffffff is not in G
behavior_057,0.1,0.3,0.3,0.3,failed,NodeNotFound,Target 831951fffffffff is not in G
behavior_058,0.1,0.3,0.4,0.2,failed,NodeNotFound,Target 831951fffffffff is not in G
behavior_059,0.1,0.3,0.5,0.1,failed,NodeNotFound,Target 831951fffffffff is not in G
behavior_060,0.1,0.3,0.6,0.0,failed,NodeNotFound,Target 831951fffffffff is not in G
behavior_061,0.1,0.4,0.0,0.5,failed,NodeNotFound,Target 831951fffffffff is not in G
behavior_062,0.1,0.4,0.1,0.4,failed,NodeNotFound,Target 831951fffffffff is not in G
behavior_063,0.1,0.4,0.2,0.3,failed,NodeNotFound,Target 831951fffffffff is not in G
behavior_064,0.1,0.4,0.3,0.2,failed,NodeNotFound,Target 831951fffffffff is not in G
behavior_065,0.1,0.4,0.4,0.1,failed,NodeNotFound,Target 831951fffffffff is not in G
behavior_066,0.1,0.4,0.5,0.0,failed,NodeNotFound,Target 831951fffffffff is not in G
behavior_067,0.1,0.5,0.0,0.4,failed,NodeNotFound,Target 831951fffffffff is not in G
behavior_068,0.1,0.5,0.1,0.3,failed,NodeNotFound,Target 831951fffffffff is not in G
behavior_069,0.1,0.5,0.2,0.2,failed,NodeNotFound,Target 831951fffffffff is not in G
behavior_070,0.1,0.5,0.3,0.1,failed,NodeNotFound,Target 831951fffffffff is not in G
behavior_071,0.1,0.5,0.4,0.0,failed,NodeNotFound,Target 831951fffffffff is not in G
behavior_072,0.2,0.0,0.3,0.5,failed,NodeNotFound,Target 831951fffffffff is not in G
behavior_073,0.2,0.0,0.4,0.4,failed,NodeNotFound,Target 831951fffffffff is not in G
behavior_074,0.2,0.0,0.5,0.3,failed,NodeNotFound,Target 831951fffffffff is not in G
behavior_075,0.2,0.0,0.6,0.2,failed,NodeNotFound,Target 831951fffffffff is not in G
behavior_076,0.2,0.0,0.7,0.1,failed,NodeNotFound,Target 831951fffffffff is not in G
behavior_077,0.2,0.0,0.8,0.0,failed,NodeNotFound,Target 831951fffffffff is not in G
behavior_078,0.2,0.1,0.2,0.5,failed,NodeNotFound,Target 831951fffffffff is not in G
behavior_079,0.2,0.1,0.3,0.4,failed,NodeNotFound,Target 831951fffffffff is not in G
behavior_080,0.2,0.1,0.4,0.3,failed,NodeNotFound,Target 831951fffffffff is not in G
behavior_081,0.2,0.1,0.5,0.2,failed,NodeNotFound,Target 831951fffffffff is not in G
behavior_082,0.2,0.1,0.6,0.1,failed,NodeNotFound,Target 831951fffffffff is not in G
behavior_083,0.2,0.1,0.7,0.0,failed,NodeNotFound,Target 831951fffffffff is not in G
behavior_084,0.2,0.2,0.1,0.5,failed,NodeNotFound,Target 831951fffffffff is not in G
behavior_085,0.2,0.2,0.2,0.4,failed,NodeNotFound,Target 831951fffffffff is not in G
behavior_086,0.2,0.2,0.3,0.3,failed,NodeNotFound,Target 831951fffffffff is not in G
behavior_087,0.2,0.2,0.4,0.2,failed,NodeNotFound,Target 831951fffffffff is not in G
behavior_088,0.2,0.2,0.5,0.1,failed,NodeNotFound,Target 831951fffffffff is not in G
behavior_089,0.2,0.2,0.6,0.0,failed,NodeNotFound,Target 831951fffffffff is not in G
behavior_090,0.2,0.3,0.0,0.5,failed,NodeNotFound,Target 831951fffffffff is not in G
behavior_091,0.2,0.3,0.1,0.4,failed,NodeNotFound,Target 831951fffffffff is not in G
behavior_092,0.2,0.3,0.2,0.3,failed,NodeNotFound,Target 831951fffffffff is not in G
behavior_093,0.2,0.3,0.3,0.2,failed,NodeNotFound,Target 831951fffffffff is not in G
behavior_094,0.2,0.3,0.4,0.1,failed,NodeNotFound,Target 831951fffffffff is not in G
behavior_095,0.2,0.3,0.5,0.0,failed,NodeNotFound,Target 831951fffffffff is not in G
behavior_096,0.2,0.4,0.0,0.4,failed,NodeNotFound,Target 831951fffffffff is not in G
behavior_097,0.2,0.4,0.1,0.3,failed,NodeNotFound,Target 831951fffffffff is not in G
behavior_098,0.2,0.4,0.2,0.2,failed,NodeNotFound,Target 831951fffffffff is not in G
behavior_099,0.2,0.4,0.3,0.1,failed,NodeNotFound,Target 831951fffffffff is not in G
behavior_100,0.2,0.4,0.4,0.0,failed,NodeNotFound,Target 831951fffffffff is not in G
behavior_101,0.2,0.5,0.0,0.3,failed,NodeNotFound,Target 831951fffffffff is not in G
behavior_102,0.2,0.5,0.1,0.2,failed,NodeNotFound,Target 831951fffffffff is not in G
behavior_103,0.2,0.5,0.2,0.1,failed,NodeNotFound,Target 831951fffffffff is not in G
behavior_104,0.2,0.5,0.3,0.0,failed,NodeNotFound,Target 831951fffffffff is not in G
behavior_105,0.3,0.0,0.2,0.5,failed,NodeNotFound,Target 831951fffffffff is not in G
behavior_106,0.3,0.0,0.3,0.4,failed,NodeNotFound,Target 831951fffffffff is not in G
behavior_107,0.3,0.0,0.4,0.3,failed,NodeNotFound,Target 831951fffffffff is not in G
behavior_108,0.3,0.0,0.5,0.2,failed,NodeNotFound,Target 831951fffffffff is not in G
behavior_109,0.3,0.0,0.6,0.1,failed,NodeNotFound,Target 831951fffffffff is not in G
behavior_110,0.3,0.0,0.7,0.0,failed,NodeNotFound,Target 831951fffffffff is not in G
behavior_111,0.3,0.1,0.1,0.5,failed,NodeNotFound,Target 831951fffffffff is not in G
behavior_112,0.3,0.1,0.2,0.4,failed,NodeNotFound,Target 831951fffffffff is not in G
behavior_113,0.3,0.1,0.3,0.3,failed,NodeNotFound,Target 831951fffffffff is not in G
behavior_114,0.3,0.1,0.4,0.2,failed,NodeNotFound,Target 831951fffffffff is not in G
behavior_115,0.3,0.1,0.5,0.1,failed,NodeNotFound,Target 831951fffffffff is not in G
behavior_116,0.3,0.1,0.6,0.0,failed,NodeNotFound,Target 831951fffffffff is not in G
behavior_117,0.3,0.2,0.0,0.5,failed,NodeNotFound,Target 831951fffffffff is not in G
behavior_118,0.3,0.2,0.1,0.4,failed,NodeNotFound,Target 831951fffffffff is not in G
behavior_119,0.3,0.2,0.2,0.3,failed,NodeNotFound,Target 831951fffffffff is not in G
behavior_120,0.3,0.2,0.3,0.2,failed,NodeNotFound,Target 831951fffffffff is not in G
behavior_121,0.3,0.2,0.4,0.1,failed,NodeNotFound,Target 831951fffffffff is not in G
behavior_122,0.3,0.2,0.5,0.0,failed,NodeNotFound,Target 831951fffffffff is not in G
behavior_123,0.3,0.3,0.0,0.4,failed,NodeNotFound,Target 831951fffffffff is not in G
behavior_124,0.3,0.3,0.1,0.3,failed,NodeNotFound,Target 831951fffffffff is not in G
behavior_125,0.3,0.3,0.2,0.2,failed,NodeNotFound,Target 831951fffffffff is not in G
behavior_126,0.3,0.3,0.3,0.1,failed,NodeNotFound,Target 831951fffffffff is not in G
behavior_127,0.3,0.3,0.4,0.0,failed,NodeNotFound,Target 831951fffffffff is not in G
behavior_128,0.3,0.4,0.0,0.3,failed,NodeNotFound,Target 831951fffffffff is not in G
behavior_129,0.3,0.4,0.1,0.2,failed,NodeNotFound,Target 831951fffffffff is not in G
behavior_130,0.3,0.4,0.2,0.1,failed,NodeNotFound,Target 831951fffffffff is not in G
behavior_131,0.3,0.4,0.3,0.0,failed,NodeNotFound,Target 831951fffffffff is not in G
behavior_132,0.3,0.5,0.0,0.2,failed,NodeNotFound,Target 831951fffffffff is not in G
behavior_133,0.3,0.5,0.1,0.1,failed,NodeNotFound,Target 831951fffffffff is not in G
behavior_134,0.3,0.5,0.2,0.0,failed,NodeNotFound,Target 831951fffffffff is not in G
behavior_135,0.4,0.0,0.1,0.5,failed,NodeNotFound,Target 831951fffffffff is not in G
behavior_136,0.4,0.0,0.2,0.4,failed,NodeNotFound,Target 831951fffffffff is not in G
behavior_137,0.4,0.0,0.3,0.3,failed,NodeNotFound,Target 831951fffffffff is not in G
behavior_138,0.4,0.0,0.4,0.2,failed,NodeNotFound,Target 831951fffffffff is not in G
behavior_139,0.4,0.0,0.5,0.1,failed,NodeNotFound,Target 831951fffffffff is not in G
behavior_140,0.4,0.0,0.6,0.0,failed,NodeNotFound,Target 831951fffffffff is not in G
behavior_141,0.4,0.1,0.0,0.5,failed,NodeNotFound,Target 831951fffffffff is not in G
behavior_142,0.4,0.1,0.1,0.4,failed,NodeNotFound,Target 831951fffffffff is not in G
behavior_143,0.4,0.1,0.2,0.3,failed,NodeNotFound,Target 831951fffffffff is not in G
behavior_144,0.4,0.1,0.3,0.2,failed,NodeNotFound,Target 831951fffffffff is not in G
behavior_145,0.4,0.1,0.4,0.1,failed,NodeNotFound,Target 831951fffffffff is not in G
behavior_146,0.4,0.1,0.5,0.0,failed,NodeNotFound,Target 831951fffffffff is not in G
behavior_147,0.4,0.2,0.0,0.4,failed,NodeNotFound,Target 831951fffffffff is not in G
behavior_148,0.4,0.2,0.1,0.3,failed,NodeNotFound,Target 831951fffffffff is not in G
behavior_149,0.4,0.2,0.2,0.2,failed,NodeNotFound,Target 831951fffffffff is not in G
behavior_150,0.4,0.2,0.3,0.1,failed,NodeNotFound,Target 831951fffffffff is not in G
behavior_151,0.4,0.2,0.4,0.0,failed,NodeNotFound,Target 831951fffffffff is not in G
behavior_152,0.4,0.3,0.0,0.3,failed,NodeNotFound,Target 831951fffffffff is not in G
behavior_153,0.4,0.3,0.1,0.2,failed,NodeNotFound,Target 831951fffffffff is not in G
behavior_154,0.4,0.3,0.2,0.1,failed,NodeNotFound,Target 831951fffffffff is not in G
behavior_155,0.4,0.3,0.3,0.0,failed,NodeNotFound,Target 831951fffffffff is not in G
behavior_156,0.4,0.4,0.0,0.2,failed,NodeNotFound,Target 831951fffffffff is not in G
behavior_157,0.4,0.4,0.1,0.1,failed,NodeNotFound,Target 831951fffffffff is not in G
behavior_158,0.4,0.4,0.2,0.0,failed,NodeNotFound,Target 831951fffffffff is not in G
behavior_159,0.4,0.5,0.0,0.1,failed,NodeNotFound,Target 831951fffffffff is not in G
behavior_160,0.4,0.5,0.1,0.0,failed,NodeNotFound,Target 831951fffffffff is not in G
behavior_161,0.5,0.0,0.0,0.5,failed,NodeNotFound,Target 831951fffffffff is not in G
behavior_162,0.5,0.0,0.1,0.4,failed,NodeNotFound,Target 831951fffffffff is not in G
behavior_163,0.5,0.0,0.2,0.3,failed,NodeNotFound,Target 831951fffffffff is not in G
behavior_164,0.5,0.0,0.3,0.2,failed,NodeNotFound,Target 831951fffffffff is not in G
behavior_165,0.5,0.0,0.4,0.1,failed,NodeNotFound,Target 831951fffffffff is not in G
behavior_166,0.5,0.0,0.5,0.0,failed,NodeNotFound,Target 831951fffffffff is not in G
behavior_167,0.5,0.1,0.0,0.4,failed,NodeNotFound,Target 831951fffffffff is not in G
behavior_168,0.5,0.1,0.1,0.3,failed,NodeNotFound,Target 831951fffffffff is not in G
behavior_169,0.5,0.1,0.2,0.2,failed,NodeNotFound,Target 831951fffffffff is not in G
behavior_170,0.5,0.1,0.3,0.1,failed,NodeNotFound,Target 831951fffffffff is not in G
behavior_171,0.5,0.1,0.4,0.0,failed,NodeNotFound,Target 831951fffffffff is not in G
behavior_172,0.5,0.2,0.0,0.3,failed,NodeNotFound,Target 831951fffffffff is not in G
behavior_173,0.5,0.2,0.1,0.2,failed,NodeNotFound,Target 831951fffffffff is not in G
behavior_174,0.5,0.2,0.2,0.1,failed,NodeNotFound,Target 831951fffffffff is not in G
behavior_175,0.5,0.2,0.3,0.0,failed,NodeNotFound,Target 831951fffffffff is not in G
behavior_176,0.5,0.3,0.0,0.2,failed,NodeNotFound,Target 831951fffffffff is not in G
behavior_177,0.5,0.3,0.1,0.1,failed,NodeNotFound,Target 831951fffffffff is not in G
behavior_178,0.5,0.3,0.2,0.0,failed,NodeNotFound,Target 831951fffffffff is not in G
behavior_179,0.5,0.4,0.0,0.1,failed,NodeNotFound,Target 831951fffffffff is not in G
behavior_180,0.5,0.4,0.1,0.0,failed,NodeNotFound,Target 831951fffffffff is not in G
behavior_181,0.5,0.5,0.0,0.0,failed,NodeNotFound,Target 831951fffffffff is not in G
behavior_182,0.6,0.0,0.0,0.4,failed,NodeNotFound,Target 831951fffffffff is not in G
behavior_183,0.6,0.0,0.1,0.3,failed,NodeNotFound,Target 831951fffffffff is not in G
behavior_184,0.6,0.0,0.2,0.2,failed,NodeNotFound,Target 831951fffffffff is not in G
behavior_185,0.6,0.0,0.3,0.1,failed,NodeNotFound,Target 831951fffffffff is not in G
behavior_186,0.6,0.0,0.4,0.0,failed,NodeNotFound,Target 831951fffffffff is not in G
behavior_187,0.6,0.1,0.0,0.3,failed,NodeNotFound,Target 831951fffffffff is not in G
behavior_188,0.6,0.1,0.1,0.2,failed,NodeNotFound,Target 831951fffffffff is not in G
behavior_189,0.6,0.1,0.2,0.1,failed,NodeNotFound,Target 831951fffffffff is not in G
behavior_190,0.6,0.1,0.3,0.0,failed,NodeNotFound,Target 831951fffffffff is not in G
behavior_191,0.6,0.2,0.0,0.2,failed,NodeNotFound,Target 831951fffffffff is not in G
behavior_192,0.6,0.2,0.1,0.1,failed,NodeNotFound,Target 831951fffffffff is not in G
behavior_193,0.6,0.2,0.2,0.0,failed,NodeNotFound,Target 831951fffffffff is not in G
behavior_194,0.6,0.3,0.0,0.1,failed,NodeNotFound,Target 831951fffffffff is not in G
behavior_195,0.6,0.3,0.1,0.0,failed,NodeNotFound,Target 831951fffffffff is not in G
behavior_196,0.6,0.4,0.0,0.0,failed,NodeNotFound,Target 831951fffffffff is not in G
behavior_197,0.7,0.0,0.0,0.3,failed,NodeNotFound,Target 831951fffffffff is not in G
behavior_198,0.7,0.0,0.1,0.2,failed,NodeNotFound,Target 831951fffffffff is not in G
behavior_199,0.7,0.0,0.2,0.1,failed,NodeNotFound,Target 831951fffffffff is not in G
behavior_200,0.7,0.0,0.3,0.0,failed,NodeNotFound,Target 831951fffffffff is not in G
behavior_201,0.7,0.1,0.0,0.2,failed,NodeNotFound,Target 831951fffffffff is not in G
behavior_202,0.7,0.1,0.1,0.1,failed,NodeNotFound,Target 831951fffffffff is not in G
behavior_203,0.7,0.1,0.2,0.0,failed,NodeNotFound,Target 831951fffffffff is not in G
behavior_204,0.7,0.2,0.0,0.1,failed,NodeNotFound,Target 831951fffffffff is not in G
behavior_205,0.7,0.2,0.1,0.0,failed,NodeNotFound,Target 831951fffffffff is not in G
behavior_206,0.7,0.3,0.0,0.0,failed,NodeNotFound,Target 831951fffffffff is not in G
behavior_207,0.8,0.0,0.0,0.2,failed,NodeNotFound,Target 831951fffffffff is not in G
behavior_208,0.8,0.0,0.1,0.1,failed,NodeNotFound,Target 831951fffffffff is not in G
behavior_209,0.8,0.0,0.2,0.0,failed,NodeNotFound,Target 831951fffffffff is not in G
behavior_210,0.8,0.1,0.0,0.1,failed,NodeNotFound,Target 831951fffffffff is not in G
behavior_211,0.8,0.1,0.1,0.0,failed,NodeNotFound,Target 831951fffffffff is not in G
behavior_212,0.8,0.2,0.0,0.0,failed,NodeNotFound,Target 831951fffffffff is not in G
behavior_213,0.9,0.0,0.0,0.1,failed,NodeNotFound,Target 831951fffffffff is not in G
behavior_214,0.9,0.0,0.1,0.0,failed,NodeNotFound,Target 831951fffffffff is not in G
behavior_215,0.9,0.1,0.0,0.0,failed,NodeNotFound,Target 831951fffffffff is not in G
behavior_216,1.0,0.0,0.0,0.0,failed,NodeNotFound,Target 831951fffffffff is not in G
